business_name,categories,rating,address,price_range,url
A Plus VIP Lounge,"Cafes,Karaoke",3.5,214 W Main St ,$$,https://www.yelp.com/biz/a-plus-vip-lounge-urbana?osq=Restaurants
Alexander's Steakhouse,Steakhouses,3,202 W Anthony Dr ,$$$,https://www.yelp.com/biz/alexanders-steakhouse-champaign?osq=Restaurants
Ali Yacoub,Restaurants,0,1001 N Dunlap Ave ,,https://www.yelp.com/biz/ali-yacoub-savoy?osq=Restaurants
Amaravati Indian Royal Cuisine,Indian,3.5,2501 Village Green Pl ,$,https://www.yelp.com/biz/amaravati-indian-royal-cuisine-champaign?osq=Restaurants
Ambar India,Indian,3.5,605 S Wright St ,$$,https://www.yelp.com/biz/ambar-india-champaign?osq=Restaurants
Applebee's Grill + Bar,"American (Traditional),Sports Bars,Burgers",2.5,1201 N Dunlap Ave ,$$,https://www.yelp.com/biz/applebees-grill-bar-savoy?osq=Restaurants
Applebee's Grill + Bar,"American (Traditional),Sports Bars,Burgers",2,2121 N Prospect ,$$,https://www.yelp.com/biz/applebees-grill-bar-champaign?osq=Restaurants
Arby's,"Fast Food,Sandwiches",3,1502 N Prospect Ave ,$,https://www.yelp.com/biz/arbys-champaign-5?osq=Restaurants
Arby's,"Fast Food,Sandwiches",2,1913 W Springfield Ave ,$,https://www.yelp.com/biz/arbys-champaign-3?osq=Restaurants
Arby's,"Fast Food,Sandwiches",3,207 N Lombard St ,$,https://www.yelp.com/biz/arbys-mahomet?osq=Restaurants
Arby's,"Sandwiches,Fast Food",2,2310 S Neil St ,$,https://www.yelp.com/biz/arbys-champaign?osq=Restaurants
Arby's,"Fast Food,Sandwiches",3.5,509 N Cunningham Ave ,$,https://www.yelp.com/biz/arbys-urbana?osq=Restaurants
A-Ri-Rang,Korean,4,607 S Wright St ,$,https://www.yelp.com/biz/a-ri-rang-champaign?osq=Restaurants
Aroma Cafe,"Coffee & Tea,Cafes",4.5,118 N Neil St ,$,https://www.yelp.com/biz/aroma-cafe-champaign?osq=Restaurants
Array Cafe,Cafes,3.5,1206 W Gregory Dr ,,https://www.yelp.com/biz/array-cafe-urbana?osq=Restaurants
Asian Noodle and Sushi,"Sushi Bars,Noodles",3.5,305 W Cedar St ,,https://www.yelp.com/biz/asian-noodle-and-sushi-champaign-2?osq=Restaurants
Asian Taste Restaurant,Chinese,3.5,502 E John St ,$,https://www.yelp.com/biz/asian-taste-restaurant-champaign?osq=Restaurants
Attie's Bar & Grill,"American (Traditional),Bars",3,2600 S Stone Creek Blvd ,$$,https://www.yelp.com/biz/atties-bar-and-grill-urbana?osq=Restaurants
Auntie Anne's,Fast Food,3.5,2000 N Neil St ,$,https://www.yelp.com/biz/auntie-annes-champaign?osq=Restaurants
Auntie Lee's Chinese Kitchen,Chinese,2.5,49 E Green St ,$$,https://www.yelp.com/biz/auntie-lees-chinese-kitchen-champaign?osq=Restaurants
Ay Caramba Mexican Food,"New Mexican Cuisine,Mexican,Caterers",0,703 Eastwood Dr ,,https://www.yelp.com/biz/ay-caramba-mexican-food-mahomet?osq=Restaurants
B Won,Korean,3.5,2006 S Neil St ,$$,https://www.yelp.com/biz/b-won-champaign?osq=Restaurants
Ba'get Sandwich Shop,"Vietnamese,Sandwiches",4.5,1713 W Kirby Ave ,,https://www.yelp.com/biz/baget-sandwich-shop-champaign?osq=Restaurants
Bab Plus Korean Restaurant,Korean,3.5,700 S Gregory St ,$$,https://www.yelp.com/biz/bab-plus-korean-restaurant-urbana?osq=Restaurants
Baldarotta's Porketta & Sicilian Sausage,"Sandwiches,Pizza",5,300 S Broadway Ave ,,https://www.yelp.com/biz/baldarottas-porketta-and-sicilian-sausage-urbana?osq=Restaurants
Bangkok Thai & PHO 911,Thai,3.5,1104 N Cunningham Ave ,$$,https://www.yelp.com/biz/bangkok-thai-and-pho-911-urbana?osq=Restaurants
Bangkok Thai and Pho 911,Thai,4,410 E Green St ,$,https://www.yelp.com/biz/bangkok-thai-and-pho-911-champaign?osq=Restaurants
Bar-B-Q Heaven,"Barbeque,Street Vendors",4, ,,https://www.yelp.com/biz/bar-b-q-heaven-champaign?osq=Restaurants
Basil Thai Kitchen,Thai,5,2000 N Neil St ,,https://www.yelp.com/biz/basil-thai-kitchen-champaign?osq=Restaurants
Basil Thai Urbana,Thai,3,701 S Gregory St ,$,https://www.yelp.com/biz/basil-thai-urbana-urbana?osq=Restaurants
Baxter's American Grille,"American (Traditional),Steakhouses,Bars",4.5,100 Trade Centre Dr ,$$,https://www.yelp.com/biz/baxters-american-grille-champaign?osq=Restaurants
BBQ Premium Chicken,Korean,3,700 S Gregory St ,$$,https://www.yelp.com/biz/bbq-premium-chicken-urbana?osq=Restaurants
Beckman Cafe,Cafeteria,3,405 N Mathews Ave ,$,https://www.yelp.com/biz/beckman-cafe-urbana?osq=Restaurants
Best Wok,Chinese,3,907 W Marketview Dr ,$,https://www.yelp.com/biz/best-wok-champaign?osq=Restaurants
Betsy's Bistro at Parkland,Cafes,4,2400 W Bradley Ave ,,https://www.yelp.com/biz/betsys-bistro-at-parkland-champaign?osq=Restaurants
Bevier Cafe,"American (New),Cafes",4.5,905 S Goodwin Ave ,$,https://www.yelp.com/biz/bevier-cafe-urbana?osq=Restaurants
Biaggi's Ristorante Italiano,Italian,3.5,2235 S Neil St ,$$,https://www.yelp.com/biz/biaggis-ristorante-italiano-champaign-2?osq=Restaurants
Big Grove Tavern,"American (New),Pubs,Breakfast & Brunch",3.5,1 E Main St ,$$,https://www.yelp.com/biz/big-grove-tavern-champaign?osq=Restaurants
Big J J Fish & Chicken,"Chicken Wings,Fish & Chips,Fast Food",4,1114 N Market St ,$,https://www.yelp.com/biz/big-j-j-fish-and-chicken-champaign?osq=Restaurants
BIGGBY COFFEE,"Coffee & Tea,Cafes",4,401 S Mattis Ave ,$,https://www.yelp.com/biz/biggby-coffee-champaign?osq=Restaurants
Billy Barooz Bar & Grill,"Sports Bars,American (Traditional)",3.5,2521 Village Green Pl ,$$,https://www.yelp.com/biz/billy-barooz-bar-and-grill-champaign?osq=Restaurants
Black Dog Smoke & Ale House,"Barbeque,American (Traditional)",4.5,201 N Broadway Ave ,$$,https://www.yelp.com/biz/black-dog-smoke-and-ale-house-urbana?osq=Restaurants
Black Dog Smoke & Ale House,"Barbeque,Bars",4,320 N Chestnut St ,$$,https://www.yelp.com/biz/black-dog-smoke-and-ale-house-champaign?osq=Restaurants
Blaze Fast-Fire'd Pizza,"Salad,Fast Food,Pizza",2,1401 W Green St ,,https://www.yelp.com/biz/blaze-fast-fired-pizza-urbana?osq=Restaurants
Blaze Fast-Fire'd Pizza,"Salad,Fast Food,Pizza",3.5,2610 N Prospect Ave ,$,https://www.yelp.com/biz/blaze-fast-fired-pizza-champaign?osq=Restaurants
Blaze Pizza,Pizza,1,1401 W Green St ,,https://www.yelp.com/biz/blaze-pizza-urbana?osq=Restaurants
Bo Bo China,Chinese,2.5,404 E Green St ,$,https://www.yelp.com/biz/bo-bo-china-champaign?osq=Restaurants
Bob Evans,"Breakfast & Brunch,American (Traditional),Comfort Food",2.5,1813 N Neil St ,$,https://www.yelp.com/biz/bob-evans-champaign?osq=Restaurants
BoBo's BBQ,Barbeque,3.5,1511 W Springfield Ave ,$,https://www.yelp.com/biz/bobos-bbq-champaign?osq=Restaurants
Bombay Indian Grill,Indian,3.5,401 E Green St ,$$,https://www.yelp.com/biz/bombay-indian-grill-champaign?osq=Restaurants
Boomerang's Bar & Grill,"American (Traditional),Bars",4,1309 E Washington St ,$,https://www.yelp.com/biz/boomerangs-bar-and-grill-urbana?osq=Restaurants
Borneo's Pizza & Italian Food,"Italian,Pizza",0,RR 3 ,,https://www.yelp.com/biz/borneos-pizza-and-italian-food-champaign?osq=Restaurants
Bossa Nova Cafe,Cafes,5,1 E Main St ,,https://www.yelp.com/biz/bossa-nova-cafe-champaign?osq=Restaurants
Breaking Taco,Mexican,4.5,608 E Main St ,$,https://www.yelp.com/biz/breaking-taco-mahomet?osq=Restaurants
Broadway Food Hall,Food Court,4.5,401 N Broadway Ave ,$$,https://www.yelp.com/biz/broadway-food-hall-urbana-4?osq=Restaurants
Buckee's Pizza,Pizza,0,901 S 4th St ,,https://www.yelp.com/biz/buckees-pizza-champaign?osq=Restaurants
Buffalo Wild Wings,"American (Traditional),Sports Bars,Chicken Wings",3,1335 Savoy Plaza Dr ,$$,https://www.yelp.com/biz/buffalo-wild-wings-savoy?osq=Restaurants
Buffalo Wild Wings,"American (Traditional),Sports Bars,Chicken Wings",2,907 W Marketview Dr ,$$,https://www.yelp.com/biz/buffalo-wild-wings-champaign?osq=Restaurants
Buford's Pub,"Burgers,Dive Bars,Cocktail Bars",4.5,109 E Market St ,,https://www.yelp.com/biz/bufords-pub-sadorus?osq=Restaurants
Bunny's Tavern,"Dive Bars,American (Traditional)",4,119 W Water St ,$,https://www.yelp.com/biz/bunnys-tavern-urbana?osq=Restaurants
Burger King,"Fast Food,Burgers",3.5,1106 West University Ave ,$,https://www.yelp.com/biz/burger-king-urbana-3?osq=Restaurants
Burger King,"Burgers,Fast Food",2,1325 N Dunlap Ave ,$,https://www.yelp.com/biz/burger-king-savoy?osq=Restaurants
Burger King,"Fast Food,Burgers",2,1708 Philo Rd ,$,https://www.yelp.com/biz/burger-king-urbana-2?osq=Restaurants
Burger King,"Burgers,Fast Food",2,2105 West Springfield Ave ,$,https://www.yelp.com/biz/burger-king-champaign-4?osq=Restaurants
Burger King,"Burgers,Fast Food",1.5,2110 North Prospect Ave ,$,https://www.yelp.com/biz/burger-king-champaign-3?osq=Restaurants
Burrito King,Mexican,3.5,408 E Green St ,$,https://www.yelp.com/biz/burrito-king-champaign-4?osq=Restaurants
Burrito King,"Mexican,Food Trucks",2.5,902 W University Ave ,,https://www.yelp.com/biz/burrito-king-urbana?osq=Restaurants
Cactus Grill,"Tex-Mex,Mexican",4,1405 S Neil St ,$,https://www.yelp.com/biz/cactus-grill-champaign?osq=Restaurants
Cafe Kopi,"Coffee & Tea,Desserts,Sandwiches",4,109 N Walnut St ,$,https://www.yelp.com/biz/cafe-kopi-champaign-3?osq=Restaurants
Cafe Sababa,"Kosher,Vegetarian,Pizza",5,503 E John St ,$,https://www.yelp.com/biz/cafe-sababa-champaign?osq=Restaurants
Cafeteria & Company,"Coffee & Tea,Sandwiches,Cafes",3.5,208 W Main St ,,https://www.yelp.com/biz/cafeteria-and-company-urbana?osq=Restaurants
Caffe Paradiso,"Coffee & Tea,Sandwiches,Shaved Ice",3.5,801 S Lincoln Ave ,$,https://www.yelp.com/biz/caffe-paradiso-urbana?osq=Restaurants
Caffebene,"Cafes,Coffee & Tea,Desserts",3,700 S Gregory St ,$$,https://www.yelp.com/biz/caffebene-urbana-2?osq=Restaurants
Campus Burger,"American (Traditional),Burgers",2.5,2000 N Neil St ,,https://www.yelp.com/biz/campus-burger-champaign?osq=Restaurants
Caribbean Grill Food Truck,"Caribbean,Food Trucks,Desserts",4.5, ,$,https://www.yelp.com/biz/caribbean-grill-food-truck-urbana?osq=Restaurants
Caribbean Grill Restaurant,"Caribbean,Desserts",4.5,2135 S Neil St ,$,https://www.yelp.com/biz/caribbean-grill-restaurant-champaign?osq=Restaurants
Casa Del Mar,"Seafood,Mexican",4,2870 S Philo Rd ,,https://www.yelp.com/biz/casa-del-mar-urbana?osq=Restaurants
Casey's Carry Out Pizza,Pizza,2.5,102 S Prairie View Rd ,$,https://www.yelp.com/biz/caseys-carry-out-pizza-mahomet?osq=Restaurants
Casey's Carry Out Pizza,Pizza,2.5,2100 E University Ave ,$,https://www.yelp.com/biz/caseys-carry-out-pizza-urbana?osq=Restaurants
Casey's Carry Out Pizza,Pizza,0,408 N Lincoln St ,,https://www.yelp.com/biz/caseys-carry-out-pizza-philo?osq=Restaurants
Casey's Carry Out Pizza,Pizza,0,502 W Main St ,,https://www.yelp.com/biz/caseys-carry-out-pizza-sidney?osq=Restaurants
Casey's Carry Out Pizza,Pizza,0,510 N Long St ,,https://www.yelp.com/biz/caseys-carry-out-pizza-tolono?osq=Restaurants
Casey's General Store,"Convenience Stores,Pizza,Gas Stations",5,500 W Central Ave ,$,https://www.yelp.com/biz/caseys-general-store-thomasboro?osq=Restaurants
Cazuela de Mariscos,"Mexican,Seafood Markets",0,510 N Cunningham Ave ,,https://www.yelp.com/biz/cazuela-de-mariscos-urbana?osq=Restaurants
Cheese and Crackers,"Chocolatiers & Shops,Delis,Seafood Markets",4,1715 W Kirby ,$$,https://www.yelp.com/biz/cheese-and-crackers-champaign?osq=Restaurants
Chester's BBQ,"Food Trucks,Barbeque",4,302 S Neil St ,$$,https://www.yelp.com/biz/chesters-bbq-champaign?osq=Restaurants
Chick-fil-A - Opening soon,Fast Food,3,2301 N Prospect Ave ,,https://www.yelp.com/biz/chick-fil-a-opening-soon-champaign?osq=Restaurants
Chili's,"American (Traditional),Bars,Tex-Mex",3,1905 N Prospect Ave ,$$,https://www.yelp.com/biz/chilis-champaign-3?osq=Restaurants
China Garden,Chinese,3.5,114 N Vine St ,$,https://www.yelp.com/biz/china-garden-urbana?osq=Restaurants
China Garden Restaurant,Chinese,0,1703 Philo Rd ,,https://www.yelp.com/biz/china-garden-restaurant-urbana?osq=Restaurants
China King,Chinese,2.5,2145 S Neil St ,$,https://www.yelp.com/biz/china-king-champaign?osq=Restaurants
ChinaTown Buffet,"Chinese,Buffets,Sushi Bars",2.5,713 W Marketview Dr ,$$,https://www.yelp.com/biz/chinatown-buffet-champaign?osq=Restaurants
Chipotle Mexican Grill,"Mexican,Fast Food",3,528 E Green St ,$,https://www.yelp.com/biz/chipotle-mexican-grill-champaign?osq=Restaurants
Chipotle Mexican Grill,"Mexican,Fast Food",3,903 W Anthony Dr ,$,https://www.yelp.com/biz/chipotle-mexican-grill-champaign-3?osq=Restaurants
Chopstix,Chinese,3,202 E Green St ,$,https://www.yelp.com/biz/chopstix-champaign-2?osq=Restaurants
Clever Moose Market Café,Cafes,3,1807 S Neil St ,,https://www.yelp.com/biz/clever-moose-market-caf%C3%A9-champaign-3?osq=Restaurants
Coleslaw,Restaurants,0,503 N Walnut St ,,https://www.yelp.com/biz/coleslaw-champaign?osq=Restaurants
Come Get This,"Food Trucks,Burgers,Hot Dogs",0, ,,https://www.yelp.com/biz/come-get-this-champaign?osq=Restaurants
CoreLife Eatery,"Salad,Mediterranean,Poke",4,2512 N Prospect Ave ,$,https://www.yelp.com/biz/corelife-eatery-champaign?osq=Restaurants
Courier Cafe,"Breakfast & Brunch,Cafes,Burgers",4,111 N Race St ,$,https://www.yelp.com/biz/courier-cafe-urbana?osq=Restaurants
Cracked on Green,"Coffee & Tea,Breakfast & Brunch,Food Trucks",4,619 E Green St ,$,https://www.yelp.com/biz/cracked-on-green-champaign?osq=Restaurants
Cracker Barrel Old Country Store,"Breakfast & Brunch,American (Traditional),Salad",3.5,2101 N Kenyon Rd ,$,https://www.yelp.com/biz/cracker-barrel-old-country-store-urbana?osq=Restaurants
Crane Alley,"Bars,American (Traditional)",3.5,115 W Main St ,$$,https://www.yelp.com/biz/crane-alley-urbana?osq=Restaurants
Cravings,"Chinese,Pan Asian",4,603 S Wright St ,$,https://www.yelp.com/biz/cravings-champaign-2?osq=Restaurants
C-U LaLa Noodle,"Noodles,Chinese",1.5,410 E Green St ,,https://www.yelp.com/biz/c-u-lala-noodle-champaign?osq=Restaurants
Culver's,"Burgers,Ice Cream & Frozen Yogurt,Fast Food",2.5,201 W University Ave ,,https://www.yelp.com/biz/culvers-urbana?osq=Restaurants
Culver's,"Burgers,Ice Cream & Frozen Yogurt,Fast Food",3.5,2302 S Neil St ,$,https://www.yelp.com/biz/culvers-champaign-2?osq=Restaurants
Culver's,"Burgers,Ice Cream & Frozen Yogurt,Fast Food",3.5,903 W Marketview Dr ,$,https://www.yelp.com/biz/culvers-champaign?osq=Restaurants
Curtis Orchard & Pumpkin Patch,"American (Traditional),Grocery,Organic Stores",3.5,3902 S Duncan Rd ,$$,https://www.yelp.com/biz/curtis-orchard-and-pumpkin-patch-champaign?osq=Restaurants
Dairy Queen,"Fast Food,Ice Cream & Frozen Yogurt",2.5,1501 Lyndhurst Aly ,$,https://www.yelp.com/biz/dairy-queen-savoy?osq=Restaurants
Dairy Queen,"Ice Cream & Frozen Yogurt,Fast Food",1.5,601 E Oak St ,$,https://www.yelp.com/biz/dairy-queen-mahomet-2?osq=Restaurants
Dairy Queen Grill & Chill,"Ice Cream & Frozen Yogurt,Fast Food",2,3602 N Mattis Ave ,$,https://www.yelp.com/biz/dairy-queen-grill-and-chill-champaign?osq=Restaurants
Dairy Queen Grill & Chill,"Fast Food,Ice Cream & Frozen Yogurt",4,911 W University ,$,https://www.yelp.com/biz/dairy-queen-grill-and-chill-urbana?osq=Restaurants
Denny's,"Diners,Breakfast & Brunch,American (Traditional)",2,702 W Town Center Blvd ,$,https://www.yelp.com/biz/dennys-champaign?osq=Restaurants
Derald's Cafe,Cafes,1,540 E Pennsylvania Ave ,,https://www.yelp.com/biz/deralds-cafe-champaign?osq=Restaurants
Derald's Diner,Diners,2,60 E Green St ,,https://www.yelp.com/biz/deralds-diner-champaign?osq=Restaurants
DESTIHL Restaurant & Brew Works,"American (New),Brewpubs",4,301 N Neil St ,$$,https://www.yelp.com/biz/destihl-restaurant-and-brew-works-champaign?osq=Restaurants
Dinng Room at Newman Hall,Breakfast & Brunch,0,604 E Armory ,,https://www.yelp.com/biz/dinng-room-at-newman-hall-champaign?osq=Restaurants
Domino's,Pizza,0,1404 Bluegrass Ln ,$,https://www.yelp.com/biz/dominos-champaign?osq=Restaurants
Domino's Pizza,"Pizza,Chicken Wings,Sandwiches",2.5,1108 N Cunningham Ave ,$,https://www.yelp.com/biz/dominos-pizza-urbana?osq=Restaurants
Domino's Pizza,"Pizza,Chicken Wings,Sandwiches",2.5,1702 W Bradley Ave ,$,https://www.yelp.com/biz/dominos-pizza-champaign-4?osq=Restaurants
Domino's Pizza,"Pizza,Chicken Wings,Sandwiches",3.5,1803 W Kirby Ave ,$,https://www.yelp.com/biz/dominos-pizza-champaign-2?osq=Restaurants
Domino's Pizza,"Pizza,Chicken Wings,Sandwiches",4,201 N Lombard St ,$,https://www.yelp.com/biz/dominos-pizza-mahomet-2?osq=Restaurants
Dos Reales,Mexican,4,1407 N Prospect Ave ,$,https://www.yelp.com/biz/dos-reales-champaign?osq=Restaurants
Dotty's Cafe,Cafes,0,12 E Green St ,,https://www.yelp.com/biz/dottys-cafe-champaign?osq=Restaurants
DP Dough,"Pizza,Fast Food",3,33 E Green St ,$,https://www.yelp.com/biz/dp-dough-champaign-2?osq=Restaurants
Dragon Fire Pizza,"Food Trucks,Pizza",4.5, ,$,https://www.yelp.com/biz/dragon-fire-pizza-champaign?osq=Restaurants
Dumpling Noodle BBQ,"Noodles,Barbeque,Chinese",3.5,715 S Neil St ,,https://www.yelp.com/biz/dumpling-noodle-bbq-champaign?osq=Restaurants
Edible Arrangements,"Chocolatiers & Shops,Salad,Juice Bars & Smoothies",4.5,49 E Marketview Dr ,$$$,https://www.yelp.com/biz/edible-arrangements-champaign?osq=Restaurants
Eighty Three,Vietnamese,0,401 N Broadway Ave ,,https://www.yelp.com/biz/eighty-three-urbana?osq=Restaurants
Einstein Bros Bagels,"Breakfast & Brunch,Bagels",4,803 W Anthony Dr ,$,https://www.yelp.com/biz/einstein-bros-bagels-champaign?osq=Restaurants
Einstein Bros Bagels,"Breakfast & Brunch,Sandwiches",3.5,901 W University Ave ,$,https://www.yelp.com/biz/einstein-bros-bagels-urbana-2?osq=Restaurants
El Oasis,"Ice Cream & Frozen Yogurt,Mexican",4.5,510 N Cunningham Ave ,$,https://www.yelp.com/biz/el-oasis-urbana?osq=Restaurants
El Patio,"Mexican,Salad,Steakhouses",3.5,2506 Village Green Pl ,$$,https://www.yelp.com/biz/el-patio-champaign?osq=Restaurants
El Progreso Tienda Y,"Mexican,Meat Shops",4.5,1017 W Bloomington Rd ,,https://www.yelp.com/biz/el-progreso-tienda-y-champaign?osq=Restaurants
El Toro At The Fields,Mexican,5,3401 Fields S Dr ,,https://www.yelp.com/biz/el-toro-at-the-fields-champaign?osq=Restaurants
El Toro Bravo,Mexican,3,2561 W Springfield Ave ,$,https://www.yelp.com/biz/el-toro-bravo-champaign?osq=Restaurants
El Toro Mexican Restaurant,Mexican,3,723 S Neil St ,$,https://www.yelp.com/biz/el-toro-mexican-restaurant-champaign?osq=Restaurants
Enzo Pizza,Pizza,0,300 S Broadway Ave ,,https://www.yelp.com/biz/enzo-pizza-urbana?osq=Restaurants
Espresso Royale,"Coffee & Tea,Cafes",4,2401 Village Green Pl ,$,https://www.yelp.com/biz/espresso-royale-champaign-6?osq=Restaurants
Esquire Lounge,"Pizza,Pool Halls,American (Traditional)",4,106 N Walnut St ,$,https://www.yelp.com/biz/esquire-lounge-champaign?osq=Restaurants
Everyday Kitchen Restaurant & Bar,"American (Traditional),Cocktail Bars",4.5,1807 S Neil St ,$$,https://www.yelp.com/biz/everyday-kitchen-restaurant-and-bar-champaign?osq=Restaurants
Evo Cafe,Chinese,2.5,711 S 6th St ,$$,https://www.yelp.com/biz/evo-cafe-champaign?osq=Restaurants
Farmhouse Restaurant At Harvest Market,"American (Traditional),Delis,Breakfast & Brunch",2.5,2029 South Neil St ,$$$,https://www.yelp.com/biz/farmhouse-restaurant-at-harvest-market-champaign?osq=Restaurants
Fat Sandwich Company,Sandwiches,3,502 E John St ,$,https://www.yelp.com/biz/fat-sandwich-company-champaign?osq=Restaurants
Fazoli's,Italian,3,2029 N Prospect Ave ,$,https://www.yelp.com/biz/fazolis-champaign?osq=Restaurants
Fernando's,"Mexican,Latin American",0,618 E Daniel St ,,https://www.yelp.com/biz/fernando-s-champaign?osq=Restaurants
Fernando's Food,"Food Trucks,Mexican",5,44 E Sprinfield ,$,https://www.yelp.com/biz/fernandos-food-champaign?osq=Restaurants
Fiesta Cafe,Mexican,3.5,216 S 1st St ,$$,https://www.yelp.com/biz/fiesta-cafe-champaign?osq=Restaurants
Filippo's Pizza and Italian Food of Mahomet,"Italian,Pizza,Sandwiches",3.5,2012 Tin Cup Rd ,$,https://www.yelp.com/biz/filippos-pizza-and-italian-food-of-mahomet-mahomet?osq=Restaurants
Firehouse Subs,"Sandwiches,Fast Food,Delis",3.5,803 W Anthony Dr ,$,https://www.yelp.com/biz/firehouse-subs-champaign?osq=Restaurants
First Wok,Chinese,4,1805 Philo Rd ,$,https://www.yelp.com/biz/first-wok-urbana?osq=Restaurants
Five Guys,"Burgers,Fast Food",2.5,901 B West Anthony Dr ,$,https://www.yelp.com/biz/five-guys-champaign?osq=Restaurants
FOUR,Breakfast & Brunch,3.5,401 E Green St ,,https://www.yelp.com/biz/four-champaign?osq=Restaurants
Franchise Management Systems,Restaurants,0,4102 Fieldstone Rd ,,https://www.yelp.com/biz/franchise-management-systems-champaign?osq=Restaurants
Freddy's Frozen Custard & Steakburgers,"Burgers,Ice Cream & Frozen Yogurt,Fast Food",3,420 W Towncenter Blvd ,$,https://www.yelp.com/biz/freddys-frozen-custard-and-steakburgers-champaign?osq=Restaurants
Game On Sports Tavern,Restaurants,0,121 E Market St ,,https://www.yelp.com/biz/game-on-sports-tavern-sadorus?osq=Restaurants
Garbanzo Mediterranean Fresh,"Mediterranean,Fast Food,Greek",3,1401 W Green St ,,https://www.yelp.com/biz/garbanzo-mediterranean-fresh-urbana-2?osq=Restaurants
Garcia's Pizza In A Pan,Pizza,3,313 N Mattis Ave ,$,https://www.yelp.com/biz/garcias-pizza-in-a-pan-champaign-2?osq=Restaurants
Godfathers Pizza,Pizza,0,1201 N Mattis Ave ,,https://www.yelp.com/biz/godfathers-pizza-champaign?osq=Restaurants
Golden Crab Seafood & Bar,"Cajun/Creole,Bars,Seafood",0,902 Meijer Dr ,,https://www.yelp.com/biz/golden-crab-seafood-and-bar-champaign?osq=Restaurants
Golden Harbor Authentic Chinese Cuisine,"Chinese,Taiwanese",4.5,505 S Neil St ,$$,https://www.yelp.com/biz/golden-harbor-authentic-chinese-cuisine-champaign?osq=Restaurants
Golden Wok,"Thai,Chinese",4,405 E University Ave ,$,https://www.yelp.com/biz/golden-wok-champaign?osq=Restaurants
Good Fella Korean Bistro,Korean,3.5,905 S Neil St ,$$,https://www.yelp.com/biz/good-fella-korean-bistro-champaign?osq=Restaurants
Grandma's Kitchen,Restaurants,0,214 S David ,,https://www.yelp.com/biz/grandmas-kitchen-sidney?osq=Restaurants
Great American Grill,American (Traditional),4,1501 S Neil St ,,https://www.yelp.com/biz/great-american-grill-champaign?osq=Restaurants
Great Steak,"Sandwiches,Cheesesteaks",3,2000 N Neil St ,,https://www.yelp.com/biz/great-steak-champaign?osq=Restaurants
Great Wall Chinese Restaurant,Chinese,0,1209 N Prospect Ave ,,https://www.yelp.com/biz/great-wall-chinese-restaurant-champaign?osq=Restaurants
Green Jade,"Chinese,Seafood",4,1109 W Windsor ,$,https://www.yelp.com/biz/green-jade-champaign?osq=Restaurants
Guido's Bar & Grill,"Bars,American (Traditional)",3,2 E Main St ,$$,https://www.yelp.com/biz/guidos-bar-and-grill-champaign?osq=Restaurants
Gulliver's,American (Traditional),0,2400 W Bradley Ave ,,https://www.yelp.com/biz/gullivers-champaign?osq=Restaurants
Hamilton Walker's,"Seafood,Steakhouses,Bars",3.5,201 N Neil St ,$$$,https://www.yelp.com/biz/hamilton-walkers-champaign?osq=Restaurants
Hank's Table,"Burgers,Fast Food,Cocktail Bars",3,122 N Neil St ,,https://www.yelp.com/biz/hanks-table-champaign?osq=Restaurants
Happy Wanderer,Restaurants,0,402 E Green St ,,https://www.yelp.com/biz/happy-wanderer-champaign?osq=Restaurants
Hardee's,American (New),2.5,1201 N Mattis Ave ,$,https://www.yelp.com/biz/hardees-champaign-2?osq=Restaurants
Hardee's,"Burgers,Fast Food",0,1806 W Bradley Ave ,,https://www.yelp.com/biz/hardees-champaign-4?osq=Restaurants
Hen House Family Restaurant,American (Traditional),3.5,74 State Rt 47 ,$,https://www.yelp.com/biz/hen-house-family-restaurant-mahomet?osq=Restaurants
Hooters,"American (Traditional),Sports Bars,Chicken Wings",2,1706 State St ,$$,https://www.yelp.com/biz/hooters-champaign?osq=Restaurants
Hot Wok Express,Chinese,3,1102 W University Ave ,$,https://www.yelp.com/biz/hot-wok-express-urbana?osq=Restaurants
Houlihan's,"American (New),Bars",3,1900 S 1st St ,$$,https://www.yelp.com/biz/houlihans-champaign-2?osq=Restaurants
Howdy Burger,"Burgers,Hot Dogs",3.5,625 E Green St ,,https://www.yelp.com/biz/howdy-burger-champaign?osq=Restaurants
Huaraches Moroleon,Mexican,4.5,805 Philo Rd ,$,https://www.yelp.com/biz/huaraches-moroleon-urbana?osq=Restaurants
I Wok,Chinese,4,113 Calvin St ,$,https://www.yelp.com/biz/i-wok-savoy?osq=Restaurants
Illini Inn,"Dive Bars,Pubs,Pizza",3.5,901 S 4th St ,$,https://www.yelp.com/biz/illini-inn-champaign?osq=Restaurants
Illini Union Ballroom Dining,American (Traditional),2.5,1404 W Green St ,$,https://www.yelp.com/biz/illini-union-ballroom-dining-urbana?osq=Restaurants
interlude,Restaurants,0,500 S Goodwin ,,https://www.yelp.com/biz/interlude-urbana?osq=Restaurants
Intermezzo Café,"Bakeries,American (Traditional)",3.5,500 S Goodwin Ave ,$,https://www.yelp.com/biz/intermezzo-caf%C3%A9-urbana-2?osq=Restaurants
ISR Dining Hall,Cafeteria,0,1010 W Illinois St ,,https://www.yelp.com/biz/isr-dining-hall-urbana?osq=Restaurants
It'll Do Bar & Grill,"Sports Bars,Beer Bar,American (Traditional)",4,215 S Lake Of The Woods Rd ,,https://www.yelp.com/biz/itll-do-bar-and-grill-mahomet?osq=Restaurants
J Gumbo's,Cajun/Creole,4,700 S Gregory St ,$,https://www.yelp.com/biz/j-gumbos-urbana?osq=Restaurants
J6 Foods,Fast Food,0, ,,https://www.yelp.com/biz/j6-foods-champaign?osq=Restaurants
Jackson's Ribs-N-Tips,Barbeque,0,116 N 1st ,$,https://www.yelp.com/biz/jacksons-ribs-n-tips-champaign?osq=Restaurants
Jade Kitchen Chinese Fast Food,Chinese,0,1025 Highway 74 E ,,https://www.yelp.com/biz/jade-kitchen-chinese-fast-food-wadesboro?osq=Restaurants
Jerusalem Middle Eastern Cuisine,Middle Eastern,3.5,601 S Wright St ,$,https://www.yelp.com/biz/jerusalem-middle-eastern-cuisine-champaign?osq=Restaurants
Jet's Pizza,Pizza,3.5,1907 W Springfield Ave ,$,https://www.yelp.com/biz/jets-pizza-champaign-2?osq=Restaurants
Jet's Pizza,Pizza,3.5,512 S Neil St ,$,https://www.yelp.com/biz/jets-pizza-champaign?osq=Restaurants
Jimmy John's,"Sandwiches,Delis,Fast Food",2.5,102 E University Ave ,$,https://www.yelp.com/biz/jimmy-johns-urbana-2?osq=Restaurants
Jimmy John's,"Delis,Sandwiches,Fast Food",2.5,1511 North Prospect Ave ,$,https://www.yelp.com/biz/jimmy-johns-champaign-4?osq=Restaurants
Jimmy John's,"Delis,Sandwiches,Fast Food",3.5,1801 W Springfield Ave ,$,https://www.yelp.com/biz/jimmy-johns-champaign-5?osq=Restaurants
Jimmy John's,"Sandwiches,Delis,Fast Food",3,1811 West Kirby Ave ,$,https://www.yelp.com/biz/jimmy-johns-champaign-3?osq=Restaurants
Jimmy John's,"Sandwiches,Delis,Fast Food",3,43 East Green St ,$,https://www.yelp.com/biz/jimmy-johns-champaign?osq=Restaurants
Jimmy John's,"Sandwiches,Delis,Fast Food",4,807 S Lincoln Ave ,$,https://www.yelp.com/biz/jimmy-johns-urbana?osq=Restaurants
Jimmy Johns,"Fast Food,Sandwiches,Delis",0,701 E Main St ,,https://www.yelp.com/biz/jimmy-johns-mahomet-3?osq=Restaurants
Jipbap Taste of Korea,Korean,4,601 S 6th St ,$,https://www.yelp.com/biz/jipbap-taste-of-korea-champaign?osq=Restaurants
Joe's Brewery,"Bars,Burgers,American (Traditional)",3,706 S 5th St ,$,https://www.yelp.com/biz/joes-brewery-champaign?osq=Restaurants
JT Walker's Restaurant and Brewery,"American (Traditional),Sports Bars",4,401 E Main St ,$$,https://www.yelp.com/biz/jt-walkers-restaurant-and-brewery-mahomet-2?osq=Restaurants
Jumbo Crab,Seafood,0,2028 N Prospect Ave ,,https://www.yelp.com/biz/jumbo-crab-champaign?osq=Restaurants
Jupiter's Pizzeria and Billards,"Pizza,Pool Halls",3,2511 Village Green Pl ,$$,https://www.yelp.com/biz/jupiters-pizzeria-and-billards-champaign-2?osq=Restaurants
Jupiter's Pizzeria and Billiards,"Pool Halls,Pizza,Lounges",3.5,39 E Main St ,$$,https://www.yelp.com/biz/jupiters-pizzeria-and-billiards-champaign?osq=Restaurants
Jurassic Grill,"Burgers,American (Traditional)",4,404 E Green St ,$,https://www.yelp.com/biz/jurassic-grill-champaign?osq=Restaurants
Kam's,"Comfort Food,Pubs,Sports Bars",2,618 E Daniel St ,$,https://www.yelp.com/biz/kams-champaign?osq=Restaurants
Kato's Cajun,Cajun/Creole,2, ,$$,https://www.yelp.com/biz/katos-cajun-champaign?osq=Restaurants
KFC,"Fast Food,Chicken Wings,Chicken Shop",3,2201 W Springfield Ave ,$,https://www.yelp.com/biz/kfc-champaign-2?osq=Restaurants
KFC,"Fast Food,Chicken Wings,Chicken Shop",2.5,410 University Ave ,$,https://www.yelp.com/biz/kfc-urbana?osq=Restaurants
Kofusion,"Asian Fusion,Sushi Bars",3.5,1 E Main St ,$$,https://www.yelp.com/biz/kofusion-champaign?osq=Restaurants
Kofusion,"Sushi Bars,Asian Fusion",3.5,701 S Gregory St ,$$,https://www.yelp.com/biz/kofusion-urbana-2?osq=Restaurants
Kohinoor Indian Restaurant and Lounge,"Indian,Bars",4.5,6 E Columbia Ave ,$,https://www.yelp.com/biz/kohinoor-indian-restaurant-and-lounge-champaign?osq=Restaurants
Kraft Pizza,Pizza,0,901 N Country Fair Dr ,,https://www.yelp.com/biz/kraft-pizza-champaign?osq=Restaurants
Krispy Krunchy Chicken,Chicken Wings,4.5,900 W Bradley Ave ,$,https://www.yelp.com/biz/krispy-krunchy-chicken-champaign-2?osq=Restaurants
Krystals Kato,Restaurants,0,2000 N Neil St ,,https://www.yelp.com/biz/krystals-kato-champaign?osq=Restaurants
Kung Fu BBQ,"Barbeque,Shanghainese,Hot Pot",3.5,510 E John St ,$$,https://www.yelp.com/biz/kung-fu-bbq-champaign?osq=Restaurants
La Bamba,Mexican,3,1905 Glenn Park Dr ,$,https://www.yelp.com/biz/la-bamba-champaign-4?osq=Restaurants
La Mixteca Restaurant,Mexican,4.5,510 N Cunningham ,,https://www.yelp.com/biz/la-mixteca-restaurant-urbana-2?osq=Restaurants
Lai Lai Wok,Chinese,4,402 E Green St ,$$,https://www.yelp.com/biz/lai-lai-wok-champaign?osq=Restaurants
Lao Sze Chuan Chinese Restaurant,Szechuan,3.5,608 E University Ave ,$$,https://www.yelp.com/biz/lao-sze-chuan-chinese-restaurant-champaign?osq=Restaurants
Le Peep Restaurant,"Breakfast & Brunch,Coffee & Tea,American (Traditional)",3.5,2209 S Neil St ,$$,https://www.yelp.com/biz/le-peep-restaurant-champaign?osq=Restaurants
Legends,"Bars,Sandwiches",3.5,522 E Green St ,$,https://www.yelp.com/biz/legends-champaign?osq=Restaurants
Li'l Porgy's Bar-B-Que,Barbeque,3.5,1917 W Springfield Ave ,$,https://www.yelp.com/biz/lil-porgys-bar-b-que-champaign?osq=Restaurants
Libby's Lounge,"Cafes,Casinos",5,905 S Neil St ,,https://www.yelp.com/biz/libbys-lounge-champaign?osq=Restaurants
Little Caesar's Pizza,Pizza,3,1211 S Mattis ,$,https://www.yelp.com/biz/little-caesars-pizza-champaign-2?osq=Restaurants
Little Caesars Pizza,Pizza,2,703 S Neil St ,$,https://www.yelp.com/biz/little-caesars-pizza-champaign-3?osq=Restaurants
Long John Silver's,"Seafood,Fast Food",2,1217 N Prospect ,,https://www.yelp.com/biz/long-john-silvers-champaign?osq=Restaurants
LongHorn Steakhouse,"Steakhouses,American (Traditional),Barbeque",3,2101 N Prospect Ave ,$$,https://www.yelp.com/biz/longhorn-steakhouse-champaign?osq=Restaurants
Los Zarapes,Mexican,4.5,840 Eastwood Dr ,$,https://www.yelp.com/biz/los-zarapes-mahomet?osq=Restaurants
Mahomet Family Restaurant,"Diners,Breakfast & Brunch,American (Traditional)",3.5,1002 Commercial Dr ,$,https://www.yelp.com/biz/mahomet-family-restaurant-mahomet?osq=Restaurants
Maize at the Station,Mexican,4,100 N Chestnut St ,$,https://www.yelp.com/biz/maize-at-the-station-champaign-3?osq=Restaurants
Maize Mexican Grill,Mexican,4.5,60 E Green Street ,$,https://www.yelp.com/biz/maize-mexican-grill-champaign?osq=Restaurants
Mandarin Wok,Chinese,3.5,403 1/2 E Green St ,$,https://www.yelp.com/biz/mandarin-wok-champaign?osq=Restaurants
Manolo's Pizza & Empanadas,"Pizza,Empanadas",4,1115 W Oregon St ,$,https://www.yelp.com/biz/manolos-pizza-and-empanadas-urbana?osq=Restaurants
Manzellas Italian Restaurant,"Venues & Event Spaces,Italian",3,115 S 1st St ,,https://www.yelp.com/biz/manzellas-italian-restaurant-champaign-4?osq=Restaurants
Marcus Cafe Catering,"Caterers,American (New)",0,1001 W Killarney ,,https://www.yelp.com/biz/marcus-cafe-catering-urbana?osq=Restaurants
Masijta Grill,Korean,4,202 N Race ,$$,https://www.yelp.com/biz/masijta-grill-urbana?osq=Restaurants
Masonic Lodge No 391,Breakfast & Brunch,0,102 E Main St ,,https://www.yelp.com/biz/masonic-lodge-no-391-tolono?osq=Restaurants
McAlister's Deli,"Delis,Salad,Sandwiches",3,421 Town Center Rd ,$,https://www.yelp.com/biz/mcalisters-deli-champaign?osq=Restaurants
McDonald's,"Burgers,Fast Food,Coffee & Tea",2,1006 Purnell Dr ,$,https://www.yelp.com/biz/mcdonalds-mahomet?osq=Restaurants
McDonald's,"Burgers,Fast Food,Coffee & Tea",2,1605 S Neil ,$,https://www.yelp.com/biz/mcdonalds-champaign-4?osq=Restaurants
McDonald's,"Fast Food,Burgers,Coffee & Tea",2,1705 S Philo Rd ,$,https://www.yelp.com/biz/mcdonalds-urbana-2?osq=Restaurants
McDonald's,"Fast Food,Burgers,Coffee & Tea",1.5,1812 N Neil ,$,https://www.yelp.com/biz/mcdonalds-champaign?osq=Restaurants
McDonald's,"Burgers,Fast Food,Coffee & Tea",1.5,2909 W Kirby Ave ,$,https://www.yelp.com/biz/mcdonalds-champaign-6?osq=Restaurants
McDonald's,"Burgers,Fast Food,Coffee & Tea",1.5,4910 N Market St ,$,https://www.yelp.com/biz/mcdonalds-champaign-11?osq=Restaurants
McDonald's,"Fast Food,Burgers,Coffee & Tea",1.5,501 N Mattis ,$,https://www.yelp.com/biz/mcdonalds-champaign-2?osq=Restaurants
McDonald's,"Fast Food,Burgers,Coffee & Tea",2,601 N Cunningham ,$,https://www.yelp.com/biz/mcdonalds-urbana?osq=Restaurants
McDonald's,"Coffee & Tea,Burgers,Fast Food",1.5,616 E Green St ,$,https://www.yelp.com/biz/mcdonalds-champaign-12?osq=Restaurants
Meatheads,Burgers,4,1305 S Neil St ,$$,https://www.yelp.com/biz/meatheads-champaign?osq=Restaurants
Merry Ann's Diner,"Diners,Breakfast & Brunch,American (Traditional)",3.5,1103 W Oregon St ,$,https://www.yelp.com/biz/merry-anns-diner-urbana-2?osq=Restaurants
Merry Ann's Diner,"Diners,Breakfast & Brunch,American (Traditional)",3,1510 S Neil St ,$,https://www.yelp.com/biz/merry-anns-diner-champaign?osq=Restaurants
Merry Ann's Diner,"American (New),Diners",0,701 S Gregory St ,,https://www.yelp.com/biz/merry-anns-diner-urbana-3?osq=Restaurants
Mia Za's Cafe,"Pizza,Italian,Cafes",3.5,629 E Green St ,$,https://www.yelp.com/biz/mia-zas-cafe-champaign?osq=Restaurants
Mid-Summer Lounge,"Chinese,Asian Fusion,Noodles",4,623 E Green St ,$,https://www.yelp.com/biz/mid-summer-lounge-champaign?osq=Restaurants
Miga,"Japanese,American (New),Sushi Bars",4,301 N Neil St ,$$$,https://www.yelp.com/biz/miga-champaign-2?osq=Restaurants
Mille's Grill,Restaurants,0,RR 4 ,,https://www.yelp.com/biz/milles-grill-champaign?osq=Restaurants
Ming Garden,Chinese,3,1804 Sangamon Dr ,$,https://www.yelp.com/biz/ming-garden-champaign?osq=Restaurants
Mirsung,"Grocery,Indian",3.5,49 E Green St ,$,https://www.yelp.com/biz/mirsung-champaign?osq=Restaurants
Mitsu&Tsaōcaa,"Hot Pot,Bubble Tea",4,608 S 6th St ,,https://www.yelp.com/biz/mitsu-and-tsa%C5%8Dcaa-champaign?osq=Restaurants
Mo's Burritos,"Food Trucks,Mexican",5,1104 N Prospect Ave ,$,https://www.yelp.com/biz/mos-burritos-champaign-4?osq=Restaurants
Moe's Southwest Grill,"Mexican,Tex-Mex",3,2041 S Neil St ,$,https://www.yelp.com/biz/moes-southwest-grill-champaign?osq=Restaurants
Moki Sushi,"Sushi Bars,Japanese",3,2017 S Neil St ,,https://www.yelp.com/biz/moki-sushi-champaign?osq=Restaurants
Monical's Pizza,"Pizza,Italian",3,102 W Vine St ,,https://www.yelp.com/biz/monicals-pizza-tolono?osq=Restaurants
Monical's Pizza,"Pizza,Italian,Sandwiches",3.5,114 S Lombard St ,$$,https://www.yelp.com/biz/monicals-pizza-mahomet?osq=Restaurants
Monical's Pizza,"Pizza,Italian",3,205 N Mattis ,$$,https://www.yelp.com/biz/monicals-pizza-champaign-2?osq=Restaurants
Monical's Pizza,"Pizza,Italian",3,2720 Philo Rd ,$$,https://www.yelp.com/biz/monicals-pizza-urbana-3?osq=Restaurants
Mono Loco,Tacos,3.5,612 E Daniel St ,,https://www.yelp.com/biz/mono-loco-champaign?osq=Restaurants
Mr. Crab,"Seafood,Cajun/Creole",3.5,401 South 1st St ,,https://www.yelp.com/biz/mr-crab-champaign?osq=Restaurants
Murphy's Pub,"Pubs,American (New)",3.5,604 E Green St ,$,https://www.yelp.com/biz/murphys-pub-champaign?osq=Restaurants
My Taco Fiesta Part 3,Mexican,0,705 S Busey Ave ,,https://www.yelp.com/biz/my-taco-fiesta-part-3-urbana?osq=Restaurants
Nando Milano Trattoria,Italian,4,204 N Neil St ,$$$,https://www.yelp.com/biz/nando-milano-trattoria-champaign?osq=Restaurants
Nanjing Bistro,Chinese,3,508 E Green St ,,https://www.yelp.com/biz/nanjing-bistro-champaign?osq=Restaurants
NAYA,"Italian,Asian Fusion",4,212 E Green St ,,https://www.yelp.com/biz/naya-champaign?osq=Restaurants
Neil St Blues,"American (Traditional),Seafood,Cocktail Bars",3.5,301 N Neil St ,$$,https://www.yelp.com/biz/neil-st-blues-champaign-3?osq=Restaurants
Niro's Gyros,Greek,3.5,1007 W University Ave ,$,https://www.yelp.com/biz/niros-gyros-urbana?osq=Restaurants
Niro's Gyros,Greek,3.5,2001 W Springfield Ave ,$,https://www.yelp.com/biz/niros-gyros-champaign?osq=Restaurants
Niro's Gyros,Greek,5,401 W Kirby Ave ,,https://www.yelp.com/biz/niros-gyros-champaign-8?osq=Restaurants
Noodles & Company,"Noodles,Salad,Pasta Shops",3,528 East Grn ,$,https://www.yelp.com/biz/noodles-and-company-champaign?osq=Restaurants
O'Charley's Restaurant & Bar,"American (Traditional),Burgers,Southern",2.5,730 W Town Center Blvd ,$$,https://www.yelp.com/biz/o-charleys-restaurant-and-bar-champaign?osq=Restaurants
Oishi,"Sushi Bars,Asian Fusion",3,2501 N Prospect Ave ,$$,https://www.yelp.com/biz/oishi-champaign?osq=Restaurants
Old Chicago,"Pizza,American (Traditional),Sports Bars",3,1910 N Neil St ,$$,https://www.yelp.com/biz/old-chicago-champaign-2?osq=Restaurants
Old Time Meat & Deli Shoppe,"Meat Shops,Delis",5,2018 S Neil St ,$$,https://www.yelp.com/biz/old-time-meat-and-deli-shoppe-champaign?osq=Restaurants
Olive Garden Italian Restaurant,"Italian,Salad,Soup",3,30 E Anthony Dr ,$$,https://www.yelp.com/biz/olive-garden-italian-restaurant-champaign-2?osq=Restaurants
One Stop Food & Liquors,"Beer, Wine & Spirits,International Grocery,Delis",0,701 N Neil St ,,https://www.yelp.com/biz/one-stop-food-and-liquors-champaign?osq=Restaurants
Original Pancake House,Breakfast & Brunch,4,1909 W Springfield Ave ,$$,https://www.yelp.com/biz/original-pancake-house-champaign?osq=Restaurants
Outback Steakhouse,Steakhouses,3.5,2402 N Prospect Ave ,$$,https://www.yelp.com/biz/outback-steakhouse-champaign?osq=Restaurants
Ozu Ramen,"Ramen,Asian Fusion",3.5,601 S 6th St ,$$,https://www.yelp.com/biz/ozu-ramen-champaign?osq=Restaurants
Pancheros Mexican Grill,Mexican,2.5,102 E University Ave ,$,https://www.yelp.com/biz/pancheros-mexican-grill-urbana?osq=Restaurants
Pancheros Mexican Grill,Mexican,2.5,2009 S Neil St ,$,https://www.yelp.com/biz/pancheros-mexican-grill-champaign-3?osq=Restaurants
Panda Express,"Chinese,Fast Food",2.5,106 E University Ave ,,https://www.yelp.com/biz/panda-express-urbana-2?osq=Restaurants
Panda Express,"Fast Food,Chinese",3.5,2000 N Neil St ,$,https://www.yelp.com/biz/panda-express-champaign?osq=Restaurants
Panda Express,"Chinese,Fast Food",3.5,2521 N Prospect Ave ,$,https://www.yelp.com/biz/panda-express-champaign-2?osq=Restaurants
Panda Express,"Chinese,Fast Food",3,627 S Wright St ,$$,https://www.yelp.com/biz/panda-express-champaign-3?osq=Restaurants
Panera Bread,"Sandwiches,Salad,Soup",2.5,1765 W Kirby Ave ,$$,https://www.yelp.com/biz/panera-bread-champaign-2?osq=Restaurants
Panera Bread,"Sandwiches,Salad,Soup",2,1903 Convenience Pl ,$$,https://www.yelp.com/biz/panera-bread-champaign-4?osq=Restaurants
Panera Bread,"Sandwiches,Salad,Soup",2.5,616 E Green St ,$$,https://www.yelp.com/biz/panera-bread-champaign-3?osq=Restaurants
Papa Del's Pizza,"Pizza,Salad,Sandwiches",3.5,1201 S Neil St ,$$,https://www.yelp.com/biz/papa-dels-pizza-champaign-4?osq=Restaurants
Papa John's Pizza,Pizza,2.5,106 E Green St ,$,https://www.yelp.com/biz/papa-johns-pizza-champaign-2?osq=Restaurants
Papa John's Pizza,Pizza,2,1307 E Florida Ave ,$,https://www.yelp.com/biz/papa-johns-pizza-urbana?osq=Restaurants
Papa John's Pizza,Pizza,2,2104 W Springfield Ave ,$,https://www.yelp.com/biz/papa-johns-pizza-champaign?osq=Restaurants
Papa Murphy's,Pizza,3.5,114 North Vine Street ,$,https://www.yelp.com/biz/papa-murphys-urbana-2?osq=Restaurants
Papa Murphy's,Pizza,3,1753 W Kirby Ave ,$,https://www.yelp.com/biz/papa-murphys-champaign-2?osq=Restaurants
Paris Super Crepes,"Desserts,Ice Cream & Frozen Yogurt,Creperies",4.5,601 S 6th St ,$,https://www.yelp.com/biz/paris-super-crepes-champaign?osq=Restaurants
Pekara,"Coffee & Tea,Bakeries,Sandwiches",4,811 W Springfield Ave ,,https://www.yelp.com/biz/pekara-champaign?osq=Restaurants
Pekara Bakery and Bistro,"Creperies,Sandwiches,Gelato",3.5,116 N Neil St ,$,https://www.yelp.com/biz/pekara-bakery-and-bistro-champaign?osq=Restaurants
Peking Garden Restaurant,Chinese,4,206 N Randolph St ,$$,https://www.yelp.com/biz/peking-garden-restaurant-champaign?osq=Restaurants
Peking House Restaurant,"Chinese,Korean,Thai",4.5,806 Eastwood Dr ,$,https://www.yelp.com/biz/peking-house-restaurant-mahomet?osq=Restaurants
Penn Station,Sandwiches,3.5,906 W Town Center Blvd ,$$,https://www.yelp.com/biz/penn-station-champaign-2?osq=Restaurants
Perkins Restaurant & Bakery,"Bakeries,American (Traditional)",2.5,1214 W University Ave ,$$,https://www.yelp.com/biz/perkins-restaurant-and-bakery-urbana?osq=Restaurants
Phagan's Choice,"Burgers,Pizza,Sandwiches",0,615 Doisy Ln ,,https://www.yelp.com/biz/phagans-choice-champaign?osq=Restaurants
Philo Tavern,American (Traditional),3,101 W Washington St ,$$,https://www.yelp.com/biz/philo-tavern-philo?osq=Restaurants
Pho Cafe,"Vietnamese,Thai",4,611 E Green St ,$,https://www.yelp.com/biz/pho-cafe-champaign?osq=Restaurants
Pia's Sports Bar & Grill,"Venues & Event Spaces,Sports Bars,American (Traditional)",3,1609 W Springfield Ave ,$,https://www.yelp.com/biz/pias-sports-bar-and-grill-champaign?osq=Restaurants
Pizza Hut,"Pizza,Italian,Chicken Wings",3,1317 Savoy Plaza Ln ,$,https://www.yelp.com/biz/pizza-hut-savoy?osq=Restaurants
Pizza Hut,"Pizza,Italian,Chicken Wings",1.5,409 N Mattis Ave ,$,https://www.yelp.com/biz/pizza-hut-champaign?osq=Restaurants
Pizza Hut,"Pizza,Italian,Chicken Wings",2,411 E Green St ,$,https://www.yelp.com/biz/pizza-hut-champaign-2?osq=Restaurants
Pizzaland,Pizza,0,208 W Curtis Rd ,,https://www.yelp.com/biz/pizzaland-savoy?osq=Restaurants
Pizzeria Antica,"Pizza,Italian",4,10 E Chester St ,$$,https://www.yelp.com/biz/pizzeria-antica-champaign?osq=Restaurants
Po' Boys Restaurant,"Barbeque,Pizza",4,202 E University Ave ,$,https://www.yelp.com/biz/po-boys-restaurant-urbana?osq=Restaurants
Pokelab,"Poke,Seafood,Hawaiian",3,605 S Sixth St ,$,https://www.yelp.com/biz/pokelab-champaign-5?osq=Restaurants
Popeyes Louisiana Kitchen,"Fast Food,Chicken Wings",2.5,910 W Bloomington Rd ,$,https://www.yelp.com/biz/popeyes-louisiana-kitchen-champaign?osq=Restaurants
Portillo's Hot Dogs,"Hot Dogs,Burgers,Salad",3.5,2306 N Prospect Ave ,$,https://www.yelp.com/biz/portillos-hot-dogs-champaign?osq=Restaurants
Potbelly,Sandwiches,0,501 E Green Street 501 E Green St ,,https://www.yelp.com/biz/potbelly-champaign-2?osq=Restaurants
Potbelly Sandwich Shop,"Sandwiches,Fast Food,Salad",4,501 E Green St ,$,https://www.yelp.com/biz/potbelly-sandwich-shop-champaign?osq=Restaurants
Project 47 Smokehouse,"Bars,Barbeque",4,101 N Lombard St ,$$,https://www.yelp.com/biz/project-47-smokehouse-mahomet?osq=Restaurants
Punch!,"Bars,American (Traditional)",5,217 N Neil St ,,https://www.yelp.com/biz/punch-champaign?osq=Restaurants
QDOBA Mexican Eats,"Mexican,Fast Food",4,1401 W Green St ,$,https://www.yelp.com/biz/qdoba-mexican-eats-urbana?osq=Restaurants
Quis Dogs,"Food Trucks,American (Traditional),Hot Dogs",0,2007 Branch ,,https://www.yelp.com/biz/quis-dogs-champaign?osq=Restaurants
Rainbow Garden,Chinese,3,202 E University ,$$,https://www.yelp.com/biz/rainbow-garden-urbana?osq=Restaurants
Rainbow Garden Champaign,Chinese,3.5,1402 S Neil St ,$$,https://www.yelp.com/biz/rainbow-garden-champaign-champaign?osq=Restaurants
Red Cape Hot Pot,Hot Pot,3.5,112 E Green St ,,https://www.yelp.com/biz/red-cape-hot-pot-champaign?osq=Restaurants
Red Lobster,"Seafood,American (Traditional)",3,1901 N Prospect Ave ,$$,https://www.yelp.com/biz/red-lobster-champaign?osq=Restaurants
Red Robin Gourmet Burgers and Brews,"Burgers,American (Traditional)",2.5,2010 N Neil St ,$$,https://www.yelp.com/biz/red-robin-gourmet-burgers-and-brews-champaign?osq=Restaurants
Rosati's Pizza,Pizza,3,701 S Gregory St ,$,https://www.yelp.com/biz/rosatis-pizza-urbana-2?osq=Restaurants
Sakanaya,"Japanese,Sushi Bars",4.5,403 E Green St ,$$,https://www.yelp.com/biz/sakanaya-champaign-2?osq=Restaurants
Salad Meister,"Salad,Wraps",4.5,601 S 6th St ,$,https://www.yelp.com/biz/salad-meister-champaign?osq=Restaurants
Sam's Cafe,"Diners,Breakfast & Brunch",4,115 N Walnut St ,$,https://www.yelp.com/biz/sams-cafe-champaign?osq=Restaurants
Sammy's Pancake House,Breakfast & Brunch,3.5,1206 N Mattis Ave ,$,https://www.yelp.com/biz/sammys-pancake-house-champaign?osq=Restaurants
San Maru,Korean,4.5,2504 Village Green Pl ,$$,https://www.yelp.com/biz/san-maru-champaign?osq=Restaurants
Sarku Japan,Japanese,2.5,2000 N Neil St ,$,https://www.yelp.com/biz/sarku-japan-champaign-2?osq=Restaurants
Sbarro,Pizza,1,1401 W Green St ,$,https://www.yelp.com/biz/sbarro-urbana?osq=Restaurants
Sbarro,Pizza,1,2000 N Neil St ,$,https://www.yelp.com/biz/sbarro-champaign?osq=Restaurants
Scotty's Brewhouse,"Sports Bars,Burgers,Brewpubs",3,2001 S Neil St ,$$,https://www.yelp.com/biz/scottys-brewhouse-champaign?osq=Restaurants
Seven Saints,"American (Traditional),Pubs,Lounges",4,32 E Chester St ,$$,https://www.yelp.com/biz/seven-saints-champaign?osq=Restaurants
Shanghai 1938,Chinese,2,200 S Matthews ,$$,https://www.yelp.com/biz/shanghai-1938-urbana?osq=Restaurants
Shanghai 1938,Chinese,0,49 E Green St ,,https://www.yelp.com/biz/shanghai-1938-champaign-3?osq=Restaurants
Shiquan,Szechuan,0,212 E Green St ,,https://www.yelp.com/biz/shiquan-champaign-2?osq=Restaurants
Siam Terrace,Thai,4,212 W Main St ,$$,https://www.yelp.com/biz/siam-terrace-urbana?osq=Restaurants
Sidney Saloon,"Pizza,Sandwiches,Bars",4.5,204 S David St ,,https://www.yelp.com/biz/sidney-saloon-sidney?osq=Restaurants
Signature Grill,"Mediterranean,Indian,Mexican",4.5,505 E Green St ,$,https://www.yelp.com/biz/signature-grill-champaign-2?osq=Restaurants
Silvercreek,"American (New),Breakfast & Brunch,Venues & Event Spaces",3.5,402 N Race St ,$$,https://www.yelp.com/biz/silvercreek-urbana?osq=Restaurants
Sitara,"Indian,Vegetarian",4,114 S Race St ,$$,https://www.yelp.com/biz/sitara-urbana?osq=Restaurants
Sj Marketplace Food,Restaurants,0,Marketplace Shopping ,,https://www.yelp.com/biz/sj-marketplace-food-champaign?osq=Restaurants
Slim Chickens,"Southern,Chicken Wings,Comfort Food",3,2037 S Neil St ,$,https://www.yelp.com/biz/slim-chickens-champaign?osq=Restaurants
Smoky's House BBQ,Barbeque,3.5,1333 Savoy Plaza Ln ,$$,https://www.yelp.com/biz/smokys-house-bbq-savoy-2?osq=Restaurants
Sonic Drive-In,"Fast Food,Burgers,Ice Cream & Frozen Yogurt",3.5,101 Calvin St ,$,https://www.yelp.com/biz/sonic-drive-in-savoy?osq=Restaurants
Sonic Drive-In,"Fast Food,Burgers,Ice Cream & Frozen Yogurt",3,601 N Mattis Ave ,$,https://www.yelp.com/biz/sonic-drive-in-champaign-2?osq=Restaurants
South China Restaurant,Chinese,3.5,25 E Springfield Ave ,$$,https://www.yelp.com/biz/south-china-restaurant-champaign?osq=Restaurants
Spicy Tang,Chinese,2.5,607 S 6th St ,$$,https://www.yelp.com/biz/spicy-tang-champaign-2?osq=Restaurants
Spoon House Korean Kitchen,Korean,3.5,616 E Green St ,$$,https://www.yelp.com/biz/spoon-house-korean-kitchen-champaign?osq=Restaurants
Stango Cuisine,"African,Caribbean,American (New)",5,140 Lincoln Square ,$,https://www.yelp.com/biz/stango-cuisine-urbana?osq=Restaurants
Star Karaoke,"Karaoke,Korean",3,1503 Lyndhurst Aly ,$$,https://www.yelp.com/biz/star-karaoke-savoy?osq=Restaurants
Star火BBQ,"Korean,Barbeque",3.5,1209 Savoy Plaza Ln ,,https://www.yelp.com/biz/star%E7%81%ABbbq-savoy?osq=Restaurants
Steak 'n Shake,"American (Traditional),Fast Food,Burgers",2.5,1709 S Neil St ,$,https://www.yelp.com/biz/steak-n-shake-champaign?osq=Restaurants
Steak 'n Shake,"Burgers,Fast Food,American (Traditional)",2,2009 Kenyon Rd ,$,https://www.yelp.com/biz/steak-n-shake-urbana-3?osq=Restaurants
Steak 'n Shake,"Fast Food,Burgers,American (Traditional)",2,2010 N Prospect Ave ,$,https://www.yelp.com/biz/steak-n-shake-champaign-2?osq=Restaurants
Sticky Rice,"Laotian,Thai,Noodles",4.5,415 N Neil St ,$,https://www.yelp.com/biz/sticky-rice-champaign?osq=Restaurants
Subway,"Sandwiches,Fast Food",0,2000 N Neil St Spc 714 ,$,https://www.yelp.com/biz/subway-champaign-4?osq=Restaurants
Subway Restaurants,Sandwiches,1,100 S High Cross Road ,$,https://www.yelp.com/biz/subway-restaurants-urbana-2?osq=Restaurants
Subway Restaurants,Sandwiches,0,1005 B S Purnell Dr ,,https://www.yelp.com/biz/subway-restaurants-mahomet?osq=Restaurants
Subway Restaurants,Sandwiches,1.5,104 N Long ,$,https://www.yelp.com/biz/subway-restaurants-tolono?osq=Restaurants
Subway Restaurants,Sandwiches,2.5,1101 N. Mattis Dr. ,$,https://www.yelp.com/biz/subway-restaurants-champaign-2?osq=Restaurants
Subway Restaurants,Sandwiches,2,1319 Dunlap ,$,https://www.yelp.com/biz/subway-restaurants-savoy-2?osq=Restaurants
Subway Restaurants,Sandwiches,1.5,1401 South Neil Street ,$,https://www.yelp.com/biz/subway-restaurants-champaign-4?osq=Restaurants
Subway Restaurants,"Sandwiches,Fast Food",2.5,2409 Village Green Pl ,$,https://www.yelp.com/biz/subway-restaurants-champaign-7?osq=Restaurants
Subway Restaurants,"Sandwiches,Fast Food",5,2610 N Prospect Ave ,$,https://www.yelp.com/biz/subway-restaurants-champaign-6?osq=Restaurants
Subway Restaurants,"Sandwiches,Fast Food",3,2740 Philo Rd ,$,https://www.yelp.com/biz/subway-restaurants-urbana-6?osq=Restaurants
Subway Restaurants,Sandwiches,3,4204 W Springfield Avenue ,$,https://www.yelp.com/biz/subway-restaurants-champaign-3?osq=Restaurants
Subway Restaurants,Sandwiches,2,45 E University ,$,https://www.yelp.com/biz/subway-restaurants-champaign-5?osq=Restaurants
Subway Restaurants,Sandwiches,0,505 S. Dunlap Ave. ,$,https://www.yelp.com/biz/subway-restaurants-savoy?osq=Restaurants
Subway Restaurants,Sandwiches,2.5,610 E Daniel St ,,https://www.yelp.com/biz/subway-restaurants-champaign-9?osq=Restaurants
Subway Restaurants,"Fast Food,Sandwiches",2.5,616 E Green St ,$,https://www.yelp.com/biz/subway-restaurants-champaign-8?osq=Restaurants
Subway Restaurants,Sandwiches,2.5,701 S Gregory Street ,$,https://www.yelp.com/biz/subway-restaurants-urbana?osq=Restaurants
Subway Restaurants,Sandwiches,2.5,703 Eastwood Center Dr ,$,https://www.yelp.com/biz/subway-restaurants-mahomet-2?osq=Restaurants
Subway Restaurants,Sandwiches,2.5,706 W Marketview Dr ,$,https://www.yelp.com/biz/subway-restaurants-champaign?osq=Restaurants
Subway Restaurants,"Sandwiches,Fast Food",5,802 W University Ave ,$,https://www.yelp.com/biz/subway-restaurants-urbana-5?osq=Restaurants
Sun Singer Wine and Spirits,"Beer, Wine & Spirits,Delis,Wine Bars",4,1115 W Windsor Rd ,$$,https://www.yelp.com/biz/sun-singer-wine-and-spirits-champaign?osq=Restaurants
Sunny China Buffet,"Chinese,Buffets",4,1703 Philo Rd ,$,https://www.yelp.com/biz/sunny-china-buffet-urbana?osq=Restaurants
Super Niro Gyro,Greek,3.5,608 West Town Center Blvd ,$,https://www.yelp.com/biz/super-niro-gyro-champaign?osq=Restaurants
Super Taco,Mexican,3.5,523 W Town Center Blvd ,$,https://www.yelp.com/biz/super-taco-champaign-2?osq=Restaurants
Super Wok,American (New),3,1737 W Kirby Ave ,$$,https://www.yelp.com/biz/super-wok-champaign?osq=Restaurants
Sushi Ichiban,"Sushi Bars,Japanese",3,619 S Wright St ,$$,https://www.yelp.com/biz/sushi-ichiban-champaign?osq=Restaurants
Sushi Kame,"Sushi Bars,Japanese",3.5,132 W Church St ,$$,https://www.yelp.com/biz/sushi-kame-champaign?osq=Restaurants
Sushi Rock,"Japanese,Korean,Sushi Bars",3,621 E Green St ,$$,https://www.yelp.com/biz/sushi-rock-champaign?osq=Restaurants
Sushi San,Restaurants,2,1401 W Green St ,$,https://www.yelp.com/biz/sushi-san-urbana?osq=Restaurants
Szechuan China,Szechuan,2.5,401 S 1st St ,$$,https://www.yelp.com/biz/szechuan-china-champaign?osq=Restaurants
Taco Bell,"Mexican,Tex-Mex,Fast Food",1,10 East Anthony Drive ,$,https://www.yelp.com/biz/taco-bell-champaign-4?osq=Restaurants
Taco Bell,"Mexican,Tex-Mex,Fast Food",2.5,1003 University ,$,https://www.yelp.com/biz/taco-bell-urbana-2?osq=Restaurants
Taco Bell,"Fast Food,Mexican,Tex-Mex",2.5,1707 S. Neil Street ,$,https://www.yelp.com/biz/taco-bell-champaign-5?osq=Restaurants
Taco Bell,"Mexican,Tex-Mex,Fast Food",2.5,1910 West Springfield ,$,https://www.yelp.com/biz/taco-bell-champaign-2?osq=Restaurants
Taco John's,"Mexican,Fast Food",3,902 Meijer Dr ,$,https://www.yelp.com/biz/taco-johns-champaign?osq=Restaurants
Taco Motorizado,"Mexican,Food Trucks,Vegetarian",4.5,607 N Cunningham Ave ,$,https://www.yelp.com/biz/taco-motorizado-urbana-4?osq=Restaurants
Texas Roadhouse,"Steakhouses,Barbeque,American (Traditional)",4,204 N. Country Fair Dr ,$$,https://www.yelp.com/biz/texas-roadhouse-champaign?osq=Restaurants
TGI Fridays,American (Traditional),3,103 W Marketview Dr ,$$,https://www.yelp.com/biz/tgi-fridays-champaign-2?osq=Restaurants
Thara Thai,"Thai,Salad,Noodles",4,912 1/2 W Bloomington Rd ,$$,https://www.yelp.com/biz/thara-thai-champaign?osq=Restaurants
That Burger Joint,Burgers,3,1905 S Neil St ,,https://www.yelp.com/biz/that-burger-joint-champaign-2?osq=Restaurants
The Apple Dumplin',American (Traditional),4,2014 High Cross Rd ,$,https://www.yelp.com/biz/the-apple-dumplin-urbana?osq=Restaurants
The Bread Company,"Bakeries,Sandwiches,Modern European",4,706 S Goodwin Ave ,$$,https://www.yelp.com/biz/the-bread-company-urbana?osq=Restaurants
The Clark Bar,"Karaoke,American (Traditional)",3.5,207 W Clark St ,$,https://www.yelp.com/biz/the-clark-bar-champaign?osq=Restaurants
The Coffee Stations,"Coffee & Tea,American (New)",0,401 W Oak St ,,https://www.yelp.com/biz/the-coffee-stations-mahomet?osq=Restaurants
The Dancing Dog Eatery & Juicery,"Vegan,Juice Bars & Smoothies,Sandwiches",4,126 W Main St ,$$,https://www.yelp.com/biz/the-dancing-dog-eatery-and-juicery-urbana?osq=Restaurants
The Himalayan Chimney,"Indian,Bars",4,134 W Church St ,$$,https://www.yelp.com/biz/the-himalayan-chimney-champaign?osq=Restaurants
The Hub Champaign,"Sports Bars,American (Traditional)",3,601 S 1st St ,$$,https://www.yelp.com/biz/the-hub-champaign-champaign?osq=Restaurants
The Office II,"Pubs,American (Traditional)",2.5,302 S Country Fair Dr ,,https://www.yelp.com/biz/the-office-ii-champaign?osq=Restaurants
The Red Herring Vegetarian Restaurant,"Vegetarian,Cafes,Vegan",4.5,1209 W Oregon St ,$,https://www.yelp.com/biz/the-red-herring-vegetarian-restaurant-urbana-2?osq=Restaurants
The Ribeye,"Steakhouses,Salad,Venues & Event Spaces",3.5,1701 S Neil St ,$$,https://www.yelp.com/biz/the-ribeye-champaign?osq=Restaurants
The Wok - Chinese Express,Chinese,4.5,703 Eastwood Dr ,$,https://www.yelp.com/biz/the-wok-chinese-express-mahomet?osq=Restaurants
The Y Eatery,Thai,3.5,1001 S Wright St ,$,https://www.yelp.com/biz/the-y-eatery-champaign?osq=Restaurants
Timpone's,"Italian,Steakhouses",3.5,710 S Goodwin Ave ,$$,https://www.yelp.com/biz/timpones-urbana?osq=Restaurants
Tommy G's Bar & Grill,American (Traditional),0,123 S Mattis Ave ,,https://www.yelp.com/biz/tommy-gs-bar-and-grill-champaign?osq=Restaurants
Tony's Pizza Service,Pizza,0,RR 150 ,,https://www.yelp.com/biz/tonys-pizza-service-mahomet?osq=Restaurants
Top Food,"Barbeque,Chinese,Seafood",2.5,103 W Kirby Ave ,,https://www.yelp.com/biz/top-food-champaign-3?osq=Restaurants
Toro Loco,Mexican,4,1601 N Cunningham Ave ,$$,https://www.yelp.com/biz/toro-loco-urbana?osq=Restaurants
Tortica's Grill,Mexican,2.5,408 W Green St ,$,https://www.yelp.com/biz/torticas-grill-champaign-2?osq=Restaurants
Urbana Garden Family Restaurant,"Diners,American (Traditional)",3.5,810 W Killarney St ,$,https://www.yelp.com/biz/urbana-garden-family-restaurant-urbana?osq=Restaurants
Villa Italian Kitchen,"Pizza,Italian",0,2000 N Neil St ,,https://www.yelp.com/biz/villa-italian-kitchen-champaign?osq=Restaurants
Vinny's By The Slice & More,Pizza,3.5,50 E Green St ,$$,https://www.yelp.com/biz/vinnys-by-the-slice-and-more-champaign?osq=Restaurants
Watson's Shack & Rail,"Bars,American (Traditional)",4,211 N Neil St ,$$,https://www.yelp.com/biz/watsons-shack-and-rail-champaign?osq=Restaurants
Wendy's,"Fast Food,Burgers",1.5,1401 W. Green Street ,$,https://www.yelp.com/biz/wendys-urbana-4?osq=Restaurants
Wendy's,"Fast Food,Burgers",2,2033 N Prospect Ave ,$,https://www.yelp.com/biz/wendys-champaign?osq=Restaurants
Wendy's,"Fast Food,Burgers",2.5,505 N Cunningham ,$,https://www.yelp.com/biz/wendys-urbana-2?osq=Restaurants
Wendy's of UIUC Campustown,Fast Food,0,608 S Sixth St ,,https://www.yelp.com/biz/wendys-of-uiuc-campustown-champaign?osq=Restaurants
Wienerschnitzel,"Fast Food,Hot Dogs,Sandwiches",4,2102 W Springfield Ave ,$,https://www.yelp.com/biz/wienerschnitzel-champaign-3?osq=Restaurants
Windy City Express,"Hot Dogs,Burgers",3.5,410 N Race St ,$,https://www.yelp.com/biz/windy-city-express-urbana?osq=Restaurants
Wingin Out,"Chicken Wings,American (New),Fast Food",2.5,301 E Green St ,$$,https://www.yelp.com/biz/wingin-out-champaign?osq=Restaurants
Wingstop,Chicken Wings,2.5,512 S Neil St ,$$,https://www.yelp.com/biz/wingstop-champaign?osq=Restaurants
Wood N' Hog Barbecue,"Barbeque,Chicken Wings",4.5,904 N 4th Street ,$$,https://www.yelp.com/biz/wood-n-hog-barbecue-champaign-2?osq=Restaurants
Wood N' Hog Barbeque,Barbeque,2.5,101 W University Ave ,,https://www.yelp.com/biz/wood-n-hog-barbeque-urbana?osq=Restaurants
Xinh Xinh Cafe,Vietnamese,4,114 N Vine St ,$,https://www.yelp.com/biz/xinh-xinh-cafe-urbana-2?osq=Restaurants
Yen Ching Restaurant,Chinese,0,2901 Wendover Pl ,,https://www.yelp.com/biz/yen-ching-restaurant-champaign-2?osq=Restaurants
Za's On Springfield,American (New),0,2006 W Springfield Ave ,,https://www.yelp.com/biz/zas-on-springfield-champaign?osq=Restaurants
Zorba's Restaurant,"Mediterranean,Greek",3.5,627 E Green St ,$,https://www.yelp.com/biz/zorbas-restaurant-champaign?osq=Restaurants
