business_name,categories,rating,address,price_range,url
A Plus VIP Lounge,"Cafes,Karaoke",3.5,"214 W Main St , Illinois",$$,https://www.yelp.com/biz/a-plus-vip-lounge-urbana?osq=Restaurants
Alexander's Steakhouse,Steakhouses,3,"202 W Anthony Dr , Illinois",$$$,https://www.yelp.com/biz/alexanders-steakhouse-champaign?osq=Restaurants
Ali Yacoub,Restaurants,0,"1001 N Dunlap Ave , Illinois",,https://www.yelp.com/biz/ali-yacoub-savoy?osq=Restaurants
Amaravati Indian Royal Cuisine,Indian,3.5,"2501 Village Green Pl , Illinois",$,https://www.yelp.com/biz/amaravati-indian-royal-cuisine-champaign?osq=Restaurants
Ambar India,Indian,3.5,"605 S Wright St , Illinois",$$,https://www.yelp.com/biz/ambar-india-champaign?osq=Restaurants
Applebee's Grill + Bar,"American (Traditional),Sports Bars,Burgers",2.5,"1201 N Dunlap Ave , Illinois",$$,https://www.yelp.com/biz/applebees-grill-bar-savoy?osq=Restaurants
Applebee's Grill + Bar,"American (Traditional),Sports Bars,Burgers",2,"2121 N Prospect , Illinois",$$,https://www.yelp.com/biz/applebees-grill-bar-champaign?osq=Restaurants
Arby's,"Fast Food,Sandwiches",3,"1502 N Prospect Ave , Illinois",$,https://www.yelp.com/biz/arbys-champaign-5?osq=Restaurants
Arby's,"Fast Food,Sandwiches",2,"1913 W Springfield Ave , Illinois",$,https://www.yelp.com/biz/arbys-champaign-3?osq=Restaurants
Arby's,"Fast Food,Sandwiches",3,"207 N Lombard St , Illinois",$,https://www.yelp.com/biz/arbys-mahomet?osq=Restaurants
Arby's,"Sandwiches,Fast Food",2,"2310 S Neil St , Illinois",$,https://www.yelp.com/biz/arbys-champaign?osq=Restaurants
Arby's,"Fast Food,Sandwiches",3.5,"509 N Cunningham Ave , Illinois",$,https://www.yelp.com/biz/arbys-urbana?osq=Restaurants
A-Ri-Rang,Korean,4,"607 S Wright St , Illinois",$,https://www.yelp.com/biz/a-ri-rang-champaign?osq=Restaurants
Aroma Cafe,"Coffee & Tea,Cafes",4.5,"118 N Neil St , Illinois",$,https://www.yelp.com/biz/aroma-cafe-champaign?osq=Restaurants
Array Cafe,Cafes,3.5,"1206 W Gregory Dr , Illinois",,https://www.yelp.com/biz/array-cafe-urbana?osq=Restaurants
Asian Noodle and Sushi,"Sushi Bars,Noodles",3.5,"305 W Cedar St , Illinois",,https://www.yelp.com/biz/asian-noodle-and-sushi-champaign-2?osq=Restaurants
Asian Taste Restaurant,Chinese,3.5,"502 E John St , Illinois",$,https://www.yelp.com/biz/asian-taste-restaurant-champaign?osq=Restaurants
Attie's Bar & Grill,"American (Traditional),Bars",3,"2600 S Stone Creek Blvd , Illinois",$$,https://www.yelp.com/biz/atties-bar-and-grill-urbana?osq=Restaurants
Auntie Anne's,Fast Food,3.5,"2000 N Neil St , Illinois",$,https://www.yelp.com/biz/auntie-annes-champaign?osq=Restaurants
Auntie Lee's Chinese Kitchen,Chinese,2.5,"49 E Green St , Illinois",$$,https://www.yelp.com/biz/auntie-lees-chinese-kitchen-champaign?osq=Restaurants
Ay Caramba Mexican Food,"New Mexican Cuisine,Mexican,Caterers",0,"703 Eastwood Dr , Illinois",,https://www.yelp.com/biz/ay-caramba-mexican-food-mahomet?osq=Restaurants
B Won,Korean,3.5,"2006 S Neil St , Illinois",$$,https://www.yelp.com/biz/b-won-champaign?osq=Restaurants
Ba'get Sandwich Shop,"Vietnamese,Sandwiches",4.5,"1713 W Kirby Ave , Illinois",,https://www.yelp.com/biz/baget-sandwich-shop-champaign?osq=Restaurants
Bab Plus Korean Restaurant,Korean,3.5,"700 S Gregory St , Illinois",$$,https://www.yelp.com/biz/bab-plus-korean-restaurant-urbana?osq=Restaurants
Baldarotta's Porketta & Sicilian Sausage,"Sandwiches,Pizza",5,"300 S Broadway Ave , Illinois",,https://www.yelp.com/biz/baldarottas-porketta-and-sicilian-sausage-urbana?osq=Restaurants
Bangkok Thai & PHO 911,Thai,3.5,"1104 N Cunningham Ave , Illinois",$$,https://www.yelp.com/biz/bangkok-thai-and-pho-911-urbana?osq=Restaurants
Bangkok Thai and Pho 911,Thai,4,"410 E Green St , Illinois",$,https://www.yelp.com/biz/bangkok-thai-and-pho-911-champaign?osq=Restaurants
Bar-B-Q Heaven,"Barbeque,Street Vendors",4," , Illinois",,https://www.yelp.com/biz/bar-b-q-heaven-champaign?osq=Restaurants
Basil Thai Kitchen,Thai,5,"2000 N Neil St , Illinois",,https://www.yelp.com/biz/basil-thai-kitchen-champaign?osq=Restaurants
Basil Thai Urbana,Thai,3,"701 S Gregory St , Illinois",$,https://www.yelp.com/biz/basil-thai-urbana-urbana?osq=Restaurants
Baxter's American Grille,"American (Traditional),Steakhouses,Bars",4.5,"100 Trade Centre Dr , Illinois",$$,https://www.yelp.com/biz/baxters-american-grille-champaign?osq=Restaurants
BBQ Premium Chicken,Korean,3,"700 S Gregory St , Illinois",$$,https://www.yelp.com/biz/bbq-premium-chicken-urbana?osq=Restaurants
Beckman Cafe,Cafeteria,3,"405 N Mathews Ave , Illinois",$,https://www.yelp.com/biz/beckman-cafe-urbana?osq=Restaurants
Best Wok,Chinese,3,"907 W Marketview Dr , Illinois",$,https://www.yelp.com/biz/best-wok-champaign?osq=Restaurants
Betsy's Bistro at Parkland,Cafes,4,"2400 W Bradley Ave , Illinois",,https://www.yelp.com/biz/betsys-bistro-at-parkland-champaign?osq=Restaurants
Bevier Cafe,"American (New),Cafes",4.5,"905 S Goodwin Ave , Illinois",$,https://www.yelp.com/biz/bevier-cafe-urbana?osq=Restaurants
Biaggi's Ristorante Italiano,Italian,3.5,"2235 S Neil St , Illinois",$$,https://www.yelp.com/biz/biaggis-ristorante-italiano-champaign-2?osq=Restaurants
Big Grove Tavern,"American (New),Pubs,Breakfast & Brunch",3.5,"1 E Main St , Illinois",$$,https://www.yelp.com/biz/big-grove-tavern-champaign?osq=Restaurants
Big J J Fish & Chicken,"Chicken Wings,Fish & Chips,Fast Food",4,"1114 N Market St , Illinois",$,https://www.yelp.com/biz/big-j-j-fish-and-chicken-champaign?osq=Restaurants
BIGGBY COFFEE,"Coffee & Tea,Cafes",4,"401 S Mattis Ave , Illinois",$,https://www.yelp.com/biz/biggby-coffee-champaign?osq=Restaurants
Billy Barooz Bar & Grill,"Sports Bars,American (Traditional)",3.5,"2521 Village Green Pl , Illinois",$$,https://www.yelp.com/biz/billy-barooz-bar-and-grill-champaign?osq=Restaurants
Black Dog Smoke & Ale House,"Barbeque,American (Traditional)",4.5,"201 N Broadway Ave , Illinois",$$,https://www.yelp.com/biz/black-dog-smoke-and-ale-house-urbana?osq=Restaurants
Black Dog Smoke & Ale House,"Barbeque,Bars",4,"320 N Chestnut St , Illinois",$$,https://www.yelp.com/biz/black-dog-smoke-and-ale-house-champaign?osq=Restaurants
Blaze Fast-Fire'd Pizza,"Salad,Fast Food,Pizza",2,"1401 W Green St , Illinois",,https://www.yelp.com/biz/blaze-fast-fired-pizza-urbana?osq=Restaurants
Blaze Fast-Fire'd Pizza,"Salad,Fast Food,Pizza",3.5,"2610 N Prospect Ave , Illinois",$,https://www.yelp.com/biz/blaze-fast-fired-pizza-champaign?osq=Restaurants
Blaze Pizza,Pizza,1,"1401 W Green St , Illinois",,https://www.yelp.com/biz/blaze-pizza-urbana?osq=Restaurants
Bo Bo China,Chinese,2.5,"404 E Green St , Illinois",$,https://www.yelp.com/biz/bo-bo-china-champaign?osq=Restaurants
Bob Evans,"Breakfast & Brunch,American (Traditional),Comfort Food",2.5,"1813 N Neil St , Illinois",$,https://www.yelp.com/biz/bob-evans-champaign?osq=Restaurants
BoBo's BBQ,Barbeque,3.5,"1511 W Springfield Ave , Illinois",$,https://www.yelp.com/biz/bobos-bbq-champaign?osq=Restaurants
Bombay Indian Grill,Indian,3.5,"401 E Green St , Illinois",$$,https://www.yelp.com/biz/bombay-indian-grill-champaign?osq=Restaurants
Boomerang's Bar & Grill,"American (Traditional),Bars",4,"1309 E Washington St , Illinois",$,https://www.yelp.com/biz/boomerangs-bar-and-grill-urbana?osq=Restaurants
Borneo's Pizza & Italian Food,"Italian,Pizza",0,"RR 3 , Illinois",,https://www.yelp.com/biz/borneos-pizza-and-italian-food-champaign?osq=Restaurants
Bossa Nova Cafe,Cafes,5,"1 E Main St , Illinois",,https://www.yelp.com/biz/bossa-nova-cafe-champaign?osq=Restaurants
Breaking Taco,Mexican,4.5,"608 E Main St , Illinois",$,https://www.yelp.com/biz/breaking-taco-mahomet?osq=Restaurants
Broadway Food Hall,Food Court,4.5,"401 N Broadway Ave , Illinois",$$,https://www.yelp.com/biz/broadway-food-hall-urbana-4?osq=Restaurants
Buckee's Pizza,Pizza,0,"901 S 4th St , Illinois",,https://www.yelp.com/biz/buckees-pizza-champaign?osq=Restaurants
Buffalo Wild Wings,"American (Traditional),Sports Bars,Chicken Wings",3,"1335 Savoy Plaza Dr , Illinois",$$,https://www.yelp.com/biz/buffalo-wild-wings-savoy?osq=Restaurants
Buffalo Wild Wings,"American (Traditional),Sports Bars,Chicken Wings",2,"907 W Marketview Dr , Illinois",$$,https://www.yelp.com/biz/buffalo-wild-wings-champaign?osq=Restaurants
Buford's Pub,"Burgers,Dive Bars,Cocktail Bars",4.5,"109 E Market St , Illinois",,https://www.yelp.com/biz/bufords-pub-sadorus?osq=Restaurants
Bunny's Tavern,"Dive Bars,American (Traditional)",4,"119 W Water St , Illinois",$,https://www.yelp.com/biz/bunnys-tavern-urbana?osq=Restaurants
Burger King,"Fast Food,Burgers",3.5,"1106 West University Ave , Illinois",$,https://www.yelp.com/biz/burger-king-urbana-3?osq=Restaurants
Burger King,"Burgers,Fast Food",2,"1325 N Dunlap Ave , Illinois",$,https://www.yelp.com/biz/burger-king-savoy?osq=Restaurants
Burger King,"Fast Food,Burgers",2,"1708 Philo Rd , Illinois",$,https://www.yelp.com/biz/burger-king-urbana-2?osq=Restaurants
Burger King,"Burgers,Fast Food",2,"2105 West Springfield Ave , Illinois",$,https://www.yelp.com/biz/burger-king-champaign-4?osq=Restaurants
Burger King,"Burgers,Fast Food",1.5,"2110 North Prospect Ave , Illinois",$,https://www.yelp.com/biz/burger-king-champaign-3?osq=Restaurants
Burrito King,Mexican,3.5,"408 E Green St , Illinois",$,https://www.yelp.com/biz/burrito-king-champaign-4?osq=Restaurants
Burrito King,"Mexican,Food Trucks",2.5,"902 W University Ave , Illinois",,https://www.yelp.com/biz/burrito-king-urbana?osq=Restaurants
Cactus Grill,"Tex-Mex,Mexican",4,"1405 S Neil St , Illinois",$,https://www.yelp.com/biz/cactus-grill-champaign?osq=Restaurants
Cafe Kopi,"Coffee & Tea,Desserts,Sandwiches",4,"109 N Walnut St , Illinois",$,https://www.yelp.com/biz/cafe-kopi-champaign-3?osq=Restaurants
Cafe Sababa,"Kosher,Vegetarian,Pizza",5,"503 E John St , Illinois",$,https://www.yelp.com/biz/cafe-sababa-champaign?osq=Restaurants
Cafeteria & Company,"Coffee & Tea,Sandwiches,Cafes",3.5,"208 W Main St , Illinois",,https://www.yelp.com/biz/cafeteria-and-company-urbana?osq=Restaurants
Caffe Paradiso,"Coffee & Tea,Sandwiches,Shaved Ice",3.5,"801 S Lincoln Ave , Illinois",$,https://www.yelp.com/biz/caffe-paradiso-urbana?osq=Restaurants
Caffebene,"Cafes,Coffee & Tea,Desserts",3,"700 S Gregory St , Illinois",$$,https://www.yelp.com/biz/caffebene-urbana-2?osq=Restaurants
Campus Burger,"American (Traditional),Burgers",2.5,"2000 N Neil St , Illinois",,https://www.yelp.com/biz/campus-burger-champaign?osq=Restaurants
Caribbean Grill Food Truck,"Caribbean,Food Trucks,Desserts",4.5," , Illinois",$,https://www.yelp.com/biz/caribbean-grill-food-truck-urbana?osq=Restaurants
Caribbean Grill Restaurant,"Caribbean,Desserts",4.5,"2135 S Neil St , Illinois",$,https://www.yelp.com/biz/caribbean-grill-restaurant-champaign?osq=Restaurants
Casa Del Mar,"Seafood,Mexican",4,"2870 S Philo Rd , Illinois",,https://www.yelp.com/biz/casa-del-mar-urbana?osq=Restaurants
Casey's Carry Out Pizza,Pizza,2.5,"102 S Prairie View Rd , Illinois",$,https://www.yelp.com/biz/caseys-carry-out-pizza-mahomet?osq=Restaurants
Casey's Carry Out Pizza,Pizza,2.5,"2100 E University Ave , Illinois",$,https://www.yelp.com/biz/caseys-carry-out-pizza-urbana?osq=Restaurants
Casey's Carry Out Pizza,Pizza,0,"408 N Lincoln St , Illinois",,https://www.yelp.com/biz/caseys-carry-out-pizza-philo?osq=Restaurants
Casey's Carry Out Pizza,Pizza,0,"502 W Main St , Illinois",,https://www.yelp.com/biz/caseys-carry-out-pizza-sidney?osq=Restaurants
Casey's Carry Out Pizza,Pizza,0,"510 N Long St , Illinois",,https://www.yelp.com/biz/caseys-carry-out-pizza-tolono?osq=Restaurants
Casey's General Store,"Convenience Stores,Pizza,Gas Stations",5,"500 W Central Ave , Illinois",$,https://www.yelp.com/biz/caseys-general-store-thomasboro?osq=Restaurants
Cazuela de Mariscos,"Mexican,Seafood Markets",0,"510 N Cunningham Ave , Illinois",,https://www.yelp.com/biz/cazuela-de-mariscos-urbana?osq=Restaurants
Cheese and Crackers,"Chocolatiers & Shops,Delis,Seafood Markets",4,"1715 W Kirby , Illinois",$$,https://www.yelp.com/biz/cheese-and-crackers-champaign?osq=Restaurants
Chester's BBQ,"Food Trucks,Barbeque",4,"302 S Neil St , Illinois",$$,https://www.yelp.com/biz/chesters-bbq-champaign?osq=Restaurants
Chick-fil-A - Opening soon,Fast Food,3,"2301 N Prospect Ave , Illinois",,https://www.yelp.com/biz/chick-fil-a-opening-soon-champaign?osq=Restaurants
Chili's,"American (Traditional),Bars,Tex-Mex",3,"1905 N Prospect Ave , Illinois",$$,https://www.yelp.com/biz/chilis-champaign-3?osq=Restaurants
China Garden,Chinese,3.5,"114 N Vine St , Illinois",$,https://www.yelp.com/biz/china-garden-urbana?osq=Restaurants
China Garden Restaurant,Chinese,0,"1703 Philo Rd , Illinois",,https://www.yelp.com/biz/china-garden-restaurant-urbana?osq=Restaurants
China King,Chinese,2.5,"2145 S Neil St , Illinois",$,https://www.yelp.com/biz/china-king-champaign?osq=Restaurants
ChinaTown Buffet,"Chinese,Buffets,Sushi Bars",2.5,"713 W Marketview Dr , Illinois",$$,https://www.yelp.com/biz/chinatown-buffet-champaign?osq=Restaurants
Chipotle Mexican Grill,"Mexican,Fast Food",3,"528 E Green St , Illinois",$,https://www.yelp.com/biz/chipotle-mexican-grill-champaign?osq=Restaurants
Chipotle Mexican Grill,"Mexican,Fast Food",3,"903 W Anthony Dr , Illinois",$,https://www.yelp.com/biz/chipotle-mexican-grill-champaign-3?osq=Restaurants
Chopstix,Chinese,3,"202 E Green St , Illinois",$,https://www.yelp.com/biz/chopstix-champaign-2?osq=Restaurants
Clever Moose Market Café,Cafes,3,"1807 S Neil St , Illinois",,https://www.yelp.com/biz/clever-moose-market-caf%C3%A9-champaign-3?osq=Restaurants
Coleslaw,Restaurants,0,"503 N Walnut St , Illinois",,https://www.yelp.com/biz/coleslaw-champaign?osq=Restaurants
Come Get This,"Food Trucks,Burgers,Hot Dogs",0," , Illinois",,https://www.yelp.com/biz/come-get-this-champaign?osq=Restaurants
CoreLife Eatery,"Salad,Mediterranean,Poke",4,"2512 N Prospect Ave , Illinois",$,https://www.yelp.com/biz/corelife-eatery-champaign?osq=Restaurants
Courier Cafe,"Breakfast & Brunch,Cafes,Burgers",4,"111 N Race St , Illinois",$,https://www.yelp.com/biz/courier-cafe-urbana?osq=Restaurants
Cracked on Green,"Coffee & Tea,Breakfast & Brunch,Food Trucks",4,"619 E Green St , Illinois",$,https://www.yelp.com/biz/cracked-on-green-champaign?osq=Restaurants
Cracker Barrel Old Country Store,"Breakfast & Brunch,American (Traditional),Salad",3.5,"2101 N Kenyon Rd , Illinois",$,https://www.yelp.com/biz/cracker-barrel-old-country-store-urbana?osq=Restaurants
Crane Alley,"Bars,American (Traditional)",3.5,"115 W Main St , Illinois",$$,https://www.yelp.com/biz/crane-alley-urbana?osq=Restaurants
Cravings,"Chinese,Pan Asian",4,"603 S Wright St , Illinois",$,https://www.yelp.com/biz/cravings-champaign-2?osq=Restaurants
C-U LaLa Noodle,"Noodles,Chinese",1.5,"410 E Green St , Illinois",,https://www.yelp.com/biz/c-u-lala-noodle-champaign?osq=Restaurants
Culver's,"Burgers,Ice Cream & Frozen Yogurt,Fast Food",2.5,"201 W University Ave , Illinois",,https://www.yelp.com/biz/culvers-urbana?osq=Restaurants
Culver's,"Burgers,Ice Cream & Frozen Yogurt,Fast Food",3.5,"2302 S Neil St , Illinois",$,https://www.yelp.com/biz/culvers-champaign-2?osq=Restaurants
Culver's,"Burgers,Ice Cream & Frozen Yogurt,Fast Food",3.5,"903 W Marketview Dr , Illinois",$,https://www.yelp.com/biz/culvers-champaign?osq=Restaurants
Curtis Orchard & Pumpkin Patch,"American (Traditional),Grocery,Organic Stores",3.5,"3902 S Duncan Rd , Illinois",$$,https://www.yelp.com/biz/curtis-orchard-and-pumpkin-patch-champaign?osq=Restaurants
Dairy Queen,"Fast Food,Ice Cream & Frozen Yogurt",2.5,"1501 Lyndhurst Aly , Illinois",$,https://www.yelp.com/biz/dairy-queen-savoy?osq=Restaurants
Dairy Queen,"Ice Cream & Frozen Yogurt,Fast Food",1.5,"601 E Oak St , Illinois",$,https://www.yelp.com/biz/dairy-queen-mahomet-2?osq=Restaurants
Dairy Queen Grill & Chill,"Ice Cream & Frozen Yogurt,Fast Food",2,"3602 N Mattis Ave , Illinois",$,https://www.yelp.com/biz/dairy-queen-grill-and-chill-champaign?osq=Restaurants
Dairy Queen Grill & Chill,"Fast Food,Ice Cream & Frozen Yogurt",4,"911 W University , Illinois",$,https://www.yelp.com/biz/dairy-queen-grill-and-chill-urbana?osq=Restaurants
Denny's,"Diners,Breakfast & Brunch,American (Traditional)",2,"702 W Town Center Blvd , Illinois",$,https://www.yelp.com/biz/dennys-champaign?osq=Restaurants
Derald's Cafe,Cafes,1,"540 E Pennsylvania Ave , Illinois",,https://www.yelp.com/biz/deralds-cafe-champaign?osq=Restaurants
Derald's Diner,Diners,2,"60 E Green St , Illinois",,https://www.yelp.com/biz/deralds-diner-champaign?osq=Restaurants
DESTIHL Restaurant & Brew Works,"American (New),Brewpubs",4,"301 N Neil St , Illinois",$$,https://www.yelp.com/biz/destihl-restaurant-and-brew-works-champaign?osq=Restaurants
Dinng Room at Newman Hall,Breakfast & Brunch,0,"604 E Armory , Illinois",,https://www.yelp.com/biz/dinng-room-at-newman-hall-champaign?osq=Restaurants
Domino's,Pizza,0,"1404 Bluegrass Ln , Illinois",$,https://www.yelp.com/biz/dominos-champaign?osq=Restaurants
Domino's Pizza,"Pizza,Chicken Wings,Sandwiches",2.5,"1108 N Cunningham Ave , Illinois",$,https://www.yelp.com/biz/dominos-pizza-urbana?osq=Restaurants
Domino's Pizza,"Pizza,Chicken Wings,Sandwiches",2.5,"1702 W Bradley Ave , Illinois",$,https://www.yelp.com/biz/dominos-pizza-champaign-4?osq=Restaurants
Domino's Pizza,"Pizza,Chicken Wings,Sandwiches",3.5,"1803 W Kirby Ave , Illinois",$,https://www.yelp.com/biz/dominos-pizza-champaign-2?osq=Restaurants
Domino's Pizza,"Pizza,Chicken Wings,Sandwiches",4,"201 N Lombard St , Illinois",$,https://www.yelp.com/biz/dominos-pizza-mahomet-2?osq=Restaurants
Dos Reales,Mexican,4,"1407 N Prospect Ave , Illinois",$,https://www.yelp.com/biz/dos-reales-champaign?osq=Restaurants
Dotty's Cafe,Cafes,0,"12 E Green St , Illinois",,https://www.yelp.com/biz/dottys-cafe-champaign?osq=Restaurants
DP Dough,"Pizza,Fast Food",3,"33 E Green St , Illinois",$,https://www.yelp.com/biz/dp-dough-champaign-2?osq=Restaurants
Dragon Fire Pizza,"Food Trucks,Pizza",4.5," , Illinois",$,https://www.yelp.com/biz/dragon-fire-pizza-champaign?osq=Restaurants
Dumpling Noodle BBQ,"Noodles,Barbeque,Chinese",3.5,"715 S Neil St , Illinois",,https://www.yelp.com/biz/dumpling-noodle-bbq-champaign?osq=Restaurants
Edible Arrangements,"Chocolatiers & Shops,Salad,Juice Bars & Smoothies",4.5,"49 E Marketview Dr , Illinois",$$$,https://www.yelp.com/biz/edible-arrangements-champaign?osq=Restaurants
Eighty Three,Vietnamese,0,"401 N Broadway Ave , Illinois",,https://www.yelp.com/biz/eighty-three-urbana?osq=Restaurants
Einstein Bros Bagels,"Breakfast & Brunch,Bagels",4,"803 W Anthony Dr , Illinois",$,https://www.yelp.com/biz/einstein-bros-bagels-champaign?osq=Restaurants
Einstein Bros Bagels,"Breakfast & Brunch,Sandwiches",3.5,"901 W University Ave , Illinois",$,https://www.yelp.com/biz/einstein-bros-bagels-urbana-2?osq=Restaurants
El Oasis,"Ice Cream & Frozen Yogurt,Mexican",4.5,"510 N Cunningham Ave , Illinois",$,https://www.yelp.com/biz/el-oasis-urbana?osq=Restaurants
El Patio,"Mexican,Salad,Steakhouses",3.5,"2506 Village Green Pl , Illinois",$$,https://www.yelp.com/biz/el-patio-champaign?osq=Restaurants
El Progreso Tienda Y,"Mexican,Meat Shops",4.5,"1017 W Bloomington Rd , Illinois",,https://www.yelp.com/biz/el-progreso-tienda-y-champaign?osq=Restaurants
El Toro At The Fields,Mexican,5,"3401 Fields S Dr , Illinois",,https://www.yelp.com/biz/el-toro-at-the-fields-champaign?osq=Restaurants
El Toro Bravo,Mexican,3,"2561 W Springfield Ave , Illinois",$,https://www.yelp.com/biz/el-toro-bravo-champaign?osq=Restaurants
El Toro Mexican Restaurant,Mexican,3,"723 S Neil St , Illinois",$,https://www.yelp.com/biz/el-toro-mexican-restaurant-champaign?osq=Restaurants
Enzo Pizza,Pizza,0,"300 S Broadway Ave , Illinois",,https://www.yelp.com/biz/enzo-pizza-urbana?osq=Restaurants
Espresso Royale,"Coffee & Tea,Cafes",4,"2401 Village Green Pl , Illinois",$,https://www.yelp.com/biz/espresso-royale-champaign-6?osq=Restaurants
Esquire Lounge,"Pizza,Pool Halls,American (Traditional)",4,"106 N Walnut St , Illinois",$,https://www.yelp.com/biz/esquire-lounge-champaign?osq=Restaurants
Everyday Kitchen Restaurant & Bar,"American (Traditional),Cocktail Bars",4.5,"1807 S Neil St , Illinois",$$,https://www.yelp.com/biz/everyday-kitchen-restaurant-and-bar-champaign?osq=Restaurants
Evo Cafe,Chinese,2.5,"711 S 6th St , Illinois",$$,https://www.yelp.com/biz/evo-cafe-champaign?osq=Restaurants
Farmhouse Restaurant At Harvest Market,"American (Traditional),Delis,Breakfast & Brunch",2.5,"2029 South Neil St , Illinois",$$$,https://www.yelp.com/biz/farmhouse-restaurant-at-harvest-market-champaign?osq=Restaurants
Fat Sandwich Company,Sandwiches,3,"502 E John St , Illinois",$,https://www.yelp.com/biz/fat-sandwich-company-champaign?osq=Restaurants
Fazoli's,Italian,3,"2029 N Prospect Ave , Illinois",$,https://www.yelp.com/biz/fazolis-champaign?osq=Restaurants
Fernando's,"Mexican,Latin American",0,"618 E Daniel St , Illinois",,https://www.yelp.com/biz/fernando-s-champaign?osq=Restaurants
Fernando's Food,"Food Trucks,Mexican",5,"44 E Sprinfield , Illinois",$,https://www.yelp.com/biz/fernandos-food-champaign?osq=Restaurants
Fiesta Cafe,Mexican,3.5,"216 S 1st St , Illinois",$$,https://www.yelp.com/biz/fiesta-cafe-champaign?osq=Restaurants
Filippo's Pizza and Italian Food of Mahomet,"Italian,Pizza,Sandwiches",3.5,"2012 Tin Cup Rd , Illinois",$,https://www.yelp.com/biz/filippos-pizza-and-italian-food-of-mahomet-mahomet?osq=Restaurants
Firehouse Subs,"Sandwiches,Fast Food,Delis",3.5,"803 W Anthony Dr , Illinois",$,https://www.yelp.com/biz/firehouse-subs-champaign?osq=Restaurants
First Wok,Chinese,4,"1805 Philo Rd , Illinois",$,https://www.yelp.com/biz/first-wok-urbana?osq=Restaurants
Five Guys,"Burgers,Fast Food",2.5,"901 B West Anthony Dr , Illinois",$,https://www.yelp.com/biz/five-guys-champaign?osq=Restaurants
FOUR,Breakfast & Brunch,3.5,"401 E Green St , Illinois",,https://www.yelp.com/biz/four-champaign?osq=Restaurants
Franchise Management Systems,Restaurants,0,"4102 Fieldstone Rd , Illinois",,https://www.yelp.com/biz/franchise-management-systems-champaign?osq=Restaurants
Freddy's Frozen Custard & Steakburgers,"Burgers,Ice Cream & Frozen Yogurt,Fast Food",3,"420 W Towncenter Blvd , Illinois",$,https://www.yelp.com/biz/freddys-frozen-custard-and-steakburgers-champaign?osq=Restaurants
Game On Sports Tavern,Restaurants,0,"121 E Market St , Illinois",,https://www.yelp.com/biz/game-on-sports-tavern-sadorus?osq=Restaurants
Garbanzo Mediterranean Fresh,"Mediterranean,Fast Food,Greek",3,"1401 W Green St , Illinois",,https://www.yelp.com/biz/garbanzo-mediterranean-fresh-urbana-2?osq=Restaurants
Garcia's Pizza In A Pan,Pizza,3,"313 N Mattis Ave , Illinois",$,https://www.yelp.com/biz/garcias-pizza-in-a-pan-champaign-2?osq=Restaurants
Godfathers Pizza,Pizza,0,"1201 N Mattis Ave , Illinois",,https://www.yelp.com/biz/godfathers-pizza-champaign?osq=Restaurants
Golden Crab Seafood & Bar,"Cajun/Creole,Bars,Seafood",0,"902 Meijer Dr , Illinois",,https://www.yelp.com/biz/golden-crab-seafood-and-bar-champaign?osq=Restaurants
Golden Harbor Authentic Chinese Cuisine,"Chinese,Taiwanese",4.5,"505 S Neil St , Illinois",$$,https://www.yelp.com/biz/golden-harbor-authentic-chinese-cuisine-champaign?osq=Restaurants
Golden Wok,"Thai,Chinese",4,"405 E University Ave , Illinois",$,https://www.yelp.com/biz/golden-wok-champaign?osq=Restaurants
Good Fella Korean Bistro,Korean,3.5,"905 S Neil St , Illinois",$$,https://www.yelp.com/biz/good-fella-korean-bistro-champaign?osq=Restaurants
Grandma's Kitchen,Restaurants,0,"214 S David , Illinois",,https://www.yelp.com/biz/grandmas-kitchen-sidney?osq=Restaurants
Great American Grill,American (Traditional),4,"1501 S Neil St , Illinois",,https://www.yelp.com/biz/great-american-grill-champaign?osq=Restaurants
Great Steak,"Sandwiches,Cheesesteaks",3,"2000 N Neil St , Illinois",,https://www.yelp.com/biz/great-steak-champaign?osq=Restaurants
Great Wall Chinese Restaurant,Chinese,0,"1209 N Prospect Ave , Illinois",,https://www.yelp.com/biz/great-wall-chinese-restaurant-champaign?osq=Restaurants
Green Jade,"Chinese,Seafood",4,"1109 W Windsor , Illinois",$,https://www.yelp.com/biz/green-jade-champaign?osq=Restaurants
Guido's Bar & Grill,"Bars,American (Traditional)",3,"2 E Main St , Illinois",$$,https://www.yelp.com/biz/guidos-bar-and-grill-champaign?osq=Restaurants
Gulliver's,American (Traditional),0,"2400 W Bradley Ave , Illinois",,https://www.yelp.com/biz/gullivers-champaign?osq=Restaurants
Hamilton Walker's,"Seafood,Steakhouses,Bars",3.5,"201 N Neil St , Illinois",$$$,https://www.yelp.com/biz/hamilton-walkers-champaign?osq=Restaurants
Hank's Table,"Burgers,Fast Food,Cocktail Bars",3,"122 N Neil St , Illinois",,https://www.yelp.com/biz/hanks-table-champaign?osq=Restaurants
Happy Wanderer,Restaurants,0,"402 E Green St , Illinois",,https://www.yelp.com/biz/happy-wanderer-champaign?osq=Restaurants
Hardee's,American (New),2.5,"1201 N Mattis Ave , Illinois",$,https://www.yelp.com/biz/hardees-champaign-2?osq=Restaurants
Hardee's,"Burgers,Fast Food",0,"1806 W Bradley Ave , Illinois",,https://www.yelp.com/biz/hardees-champaign-4?osq=Restaurants
Hen House Family Restaurant,American (Traditional),3.5,"74 State Rt 47 , Illinois",$,https://www.yelp.com/biz/hen-house-family-restaurant-mahomet?osq=Restaurants
Hooters,"American (Traditional),Sports Bars,Chicken Wings",2,"1706 State St , Illinois",$$,https://www.yelp.com/biz/hooters-champaign?osq=Restaurants
Hot Wok Express,Chinese,3,"1102 W University Ave , Illinois",$,https://www.yelp.com/biz/hot-wok-express-urbana?osq=Restaurants
Houlihan's,"American (New),Bars",3,"1900 S 1st St , Illinois",$$,https://www.yelp.com/biz/houlihans-champaign-2?osq=Restaurants
Howdy Burger,"Burgers,Hot Dogs",3.5,"625 E Green St , Illinois",,https://www.yelp.com/biz/howdy-burger-champaign?osq=Restaurants
Huaraches Moroleon,Mexican,4.5,"805 Philo Rd , Illinois",$,https://www.yelp.com/biz/huaraches-moroleon-urbana?osq=Restaurants
I Wok,Chinese,4,"113 Calvin St , Illinois",$,https://www.yelp.com/biz/i-wok-savoy?osq=Restaurants
Illini Inn,"Dive Bars,Pubs,Pizza",3.5,"901 S 4th St , Illinois",$,https://www.yelp.com/biz/illini-inn-champaign?osq=Restaurants
Illini Union Ballroom Dining,American (Traditional),2.5,"1404 W Green St , Illinois",$,https://www.yelp.com/biz/illini-union-ballroom-dining-urbana?osq=Restaurants
interlude,Restaurants,0,"500 S Goodwin , Illinois",,https://www.yelp.com/biz/interlude-urbana?osq=Restaurants
Intermezzo Café,"Bakeries,American (Traditional)",3.5,"500 S Goodwin Ave , Illinois",$,https://www.yelp.com/biz/intermezzo-caf%C3%A9-urbana-2?osq=Restaurants
ISR Dining Hall,Cafeteria,0,"1010 W Illinois St , Illinois",,https://www.yelp.com/biz/isr-dining-hall-urbana?osq=Restaurants
It'll Do Bar & Grill,"Sports Bars,Beer Bar,American (Traditional)",4,"215 S Lake Of The Woods Rd , Illinois",,https://www.yelp.com/biz/itll-do-bar-and-grill-mahomet?osq=Restaurants
J Gumbo's,Cajun/Creole,4,"700 S Gregory St , Illinois",$,https://www.yelp.com/biz/j-gumbos-urbana?osq=Restaurants
J6 Foods,Fast Food,0," , Illinois",,https://www.yelp.com/biz/j6-foods-champaign?osq=Restaurants
Jackson's Ribs-N-Tips,Barbeque,0,"116 N 1st , Illinois",$,https://www.yelp.com/biz/jacksons-ribs-n-tips-champaign?osq=Restaurants
Jade Kitchen Chinese Fast Food,Chinese,0,"1025 Highway 74 E , Illinois",,https://www.yelp.com/biz/jade-kitchen-chinese-fast-food-wadesboro?osq=Restaurants
Jerusalem Middle Eastern Cuisine,Middle Eastern,3.5,"601 S Wright St , Illinois",$,https://www.yelp.com/biz/jerusalem-middle-eastern-cuisine-champaign?osq=Restaurants
Jet's Pizza,Pizza,3.5,"1907 W Springfield Ave , Illinois",$,https://www.yelp.com/biz/jets-pizza-champaign-2?osq=Restaurants
Jet's Pizza,Pizza,3.5,"512 S Neil St , Illinois",$,https://www.yelp.com/biz/jets-pizza-champaign?osq=Restaurants
Jimmy John's,"Sandwiches,Delis,Fast Food",2.5,"102 E University Ave , Illinois",$,https://www.yelp.com/biz/jimmy-johns-urbana-2?osq=Restaurants
Jimmy John's,"Delis,Sandwiches,Fast Food",2.5,"1511 North Prospect Ave , Illinois",$,https://www.yelp.com/biz/jimmy-johns-champaign-4?osq=Restaurants
Jimmy John's,"Delis,Sandwiches,Fast Food",3.5,"1801 W Springfield Ave , Illinois",$,https://www.yelp.com/biz/jimmy-johns-champaign-5?osq=Restaurants
Jimmy John's,"Sandwiches,Delis,Fast Food",3,"1811 West Kirby Ave , Illinois",$,https://www.yelp.com/biz/jimmy-johns-champaign-3?osq=Restaurants
Jimmy John's,"Sandwiches,Delis,Fast Food",3,"43 East Green St , Illinois",$,https://www.yelp.com/biz/jimmy-johns-champaign?osq=Restaurants
Jimmy John's,"Sandwiches,Delis,Fast Food",4,"807 S Lincoln Ave , Illinois",$,https://www.yelp.com/biz/jimmy-johns-urbana?osq=Restaurants
Jimmy Johns,"Fast Food,Sandwiches,Delis",0,"701 E Main St , Illinois",,https://www.yelp.com/biz/jimmy-johns-mahomet-3?osq=Restaurants
Jipbap Taste of Korea,Korean,4,"601 S 6th St , Illinois",$,https://www.yelp.com/biz/jipbap-taste-of-korea-champaign?osq=Restaurants
Joe's Brewery,"Bars,Burgers,American (Traditional)",3,"706 S 5th St , Illinois",$,https://www.yelp.com/biz/joes-brewery-champaign?osq=Restaurants
JT Walker's Restaurant and Brewery,"American (Traditional),Sports Bars",4,"401 E Main St , Illinois",$$,https://www.yelp.com/biz/jt-walkers-restaurant-and-brewery-mahomet-2?osq=Restaurants
Jumbo Crab,Seafood,0,"2028 N Prospect Ave , Illinois",,https://www.yelp.com/biz/jumbo-crab-champaign?osq=Restaurants
Jupiter's Pizzeria and Billards,"Pizza,Pool Halls",3,"2511 Village Green Pl , Illinois",$$,https://www.yelp.com/biz/jupiters-pizzeria-and-billards-champaign-2?osq=Restaurants
Jupiter's Pizzeria and Billiards,"Pool Halls,Pizza,Lounges",3.5,"39 E Main St , Illinois",$$,https://www.yelp.com/biz/jupiters-pizzeria-and-billiards-champaign?osq=Restaurants
Jurassic Grill,"Burgers,American (Traditional)",4,"404 E Green St , Illinois",$,https://www.yelp.com/biz/jurassic-grill-champaign?osq=Restaurants
Kam's,"Comfort Food,Pubs,Sports Bars",2,"618 E Daniel St , Illinois",$,https://www.yelp.com/biz/kams-champaign?osq=Restaurants
Kato's Cajun,Cajun/Creole,2," , Illinois",$$,https://www.yelp.com/biz/katos-cajun-champaign?osq=Restaurants
KFC,"Fast Food,Chicken Wings,Chicken Shop",3,"2201 W Springfield Ave , Illinois",$,https://www.yelp.com/biz/kfc-champaign-2?osq=Restaurants
KFC,"Fast Food,Chicken Wings,Chicken Shop",2.5,"410 University Ave , Illinois",$,https://www.yelp.com/biz/kfc-urbana?osq=Restaurants
Kofusion,"Asian Fusion,Sushi Bars",3.5,"1 E Main St , Illinois",$$,https://www.yelp.com/biz/kofusion-champaign?osq=Restaurants
Kofusion,"Sushi Bars,Asian Fusion",3.5,"701 S Gregory St , Illinois",$$,https://www.yelp.com/biz/kofusion-urbana-2?osq=Restaurants
Kohinoor Indian Restaurant and Lounge,"Indian,Bars",4.5,"6 E Columbia Ave , Illinois",$,https://www.yelp.com/biz/kohinoor-indian-restaurant-and-lounge-champaign?osq=Restaurants
Kraft Pizza,Pizza,0,"901 N Country Fair Dr , Illinois",,https://www.yelp.com/biz/kraft-pizza-champaign?osq=Restaurants
Krispy Krunchy Chicken,Chicken Wings,4.5,"900 W Bradley Ave , Illinois",$,https://www.yelp.com/biz/krispy-krunchy-chicken-champaign-2?osq=Restaurants
Krystals Kato,Restaurants,0,"2000 N Neil St , Illinois",,https://www.yelp.com/biz/krystals-kato-champaign?osq=Restaurants
Kung Fu BBQ,"Barbeque,Shanghainese,Hot Pot",3.5,"510 E John St , Illinois",$$,https://www.yelp.com/biz/kung-fu-bbq-champaign?osq=Restaurants
La Bamba,Mexican,3,"1905 Glenn Park Dr , Illinois",$,https://www.yelp.com/biz/la-bamba-champaign-4?osq=Restaurants
La Mixteca Restaurant,Mexican,4.5,"510 N Cunningham , Illinois",,https://www.yelp.com/biz/la-mixteca-restaurant-urbana-2?osq=Restaurants
Lai Lai Wok,Chinese,4,"402 E Green St , Illinois",$$,https://www.yelp.com/biz/lai-lai-wok-champaign?osq=Restaurants
Lao Sze Chuan Chinese Restaurant,Szechuan,3.5,"608 E University Ave , Illinois",$$,https://www.yelp.com/biz/lao-sze-chuan-chinese-restaurant-champaign?osq=Restaurants
Le Peep Restaurant,"Breakfast & Brunch,Coffee & Tea,American (Traditional)",3.5,"2209 S Neil St , Illinois",$$,https://www.yelp.com/biz/le-peep-restaurant-champaign?osq=Restaurants
Legends,"Bars,Sandwiches",3.5,"522 E Green St , Illinois",$,https://www.yelp.com/biz/legends-champaign?osq=Restaurants
Li'l Porgy's Bar-B-Que,Barbeque,3.5,"1917 W Springfield Ave , Illinois",$,https://www.yelp.com/biz/lil-porgys-bar-b-que-champaign?osq=Restaurants
Libby's Lounge,"Cafes,Casinos",5,"905 S Neil St , Illinois",,https://www.yelp.com/biz/libbys-lounge-champaign?osq=Restaurants
Little Caesar's Pizza,Pizza,3,"1211 S Mattis , Illinois",$,https://www.yelp.com/biz/little-caesars-pizza-champaign-2?osq=Restaurants
Little Caesars Pizza,Pizza,2,"703 S Neil St , Illinois",$,https://www.yelp.com/biz/little-caesars-pizza-champaign-3?osq=Restaurants
Long John Silver's,"Seafood,Fast Food",2,"1217 N Prospect , Illinois",,https://www.yelp.com/biz/long-john-silvers-champaign?osq=Restaurants
LongHorn Steakhouse,"Steakhouses,American (Traditional),Barbeque",3,"2101 N Prospect Ave , Illinois",$$,https://www.yelp.com/biz/longhorn-steakhouse-champaign?osq=Restaurants
Los Zarapes,Mexican,4.5,"840 Eastwood Dr , Illinois",$,https://www.yelp.com/biz/los-zarapes-mahomet?osq=Restaurants
Mahomet Family Restaurant,"Diners,Breakfast & Brunch,American (Traditional)",3.5,"1002 Commercial Dr , Illinois",$,https://www.yelp.com/biz/mahomet-family-restaurant-mahomet?osq=Restaurants
Maize at the Station,Mexican,4,"100 N Chestnut St , Illinois",$,https://www.yelp.com/biz/maize-at-the-station-champaign-3?osq=Restaurants
Maize Mexican Grill,Mexican,4.5,"60 E Green Street , Illinois",$,https://www.yelp.com/biz/maize-mexican-grill-champaign?osq=Restaurants
Mandarin Wok,Chinese,3.5,"403 1/2 E Green St , Illinois",$,https://www.yelp.com/biz/mandarin-wok-champaign?osq=Restaurants
Manolo's Pizza & Empanadas,"Pizza,Empanadas",4,"1115 W Oregon St , Illinois",$,https://www.yelp.com/biz/manolos-pizza-and-empanadas-urbana?osq=Restaurants
Manzellas Italian Restaurant,"Venues & Event Spaces,Italian",3,"115 S 1st St , Illinois",,https://www.yelp.com/biz/manzellas-italian-restaurant-champaign-4?osq=Restaurants
Marcus Cafe Catering,"Caterers,American (New)",0,"1001 W Killarney , Illinois",,https://www.yelp.com/biz/marcus-cafe-catering-urbana?osq=Restaurants
Masijta Grill,Korean,4,"202 N Race , Illinois",$$,https://www.yelp.com/biz/masijta-grill-urbana?osq=Restaurants
Masonic Lodge No 391,Breakfast & Brunch,0,"102 E Main St , Illinois",,https://www.yelp.com/biz/masonic-lodge-no-391-tolono?osq=Restaurants
McAlister's Deli,"Delis,Salad,Sandwiches",3,"421 Town Center Rd , Illinois",$,https://www.yelp.com/biz/mcalisters-deli-champaign?osq=Restaurants
McDonald's,"Burgers,Fast Food,Coffee & Tea",2,"1006 Purnell Dr , Illinois",$,https://www.yelp.com/biz/mcdonalds-mahomet?osq=Restaurants
McDonald's,"Burgers,Fast Food,Coffee & Tea",2,"1605 S Neil , Illinois",$,https://www.yelp.com/biz/mcdonalds-champaign-4?osq=Restaurants
McDonald's,"Fast Food,Burgers,Coffee & Tea",2,"1705 S Philo Rd , Illinois",$,https://www.yelp.com/biz/mcdonalds-urbana-2?osq=Restaurants
McDonald's,"Fast Food,Burgers,Coffee & Tea",1.5,"1812 N Neil , Illinois",$,https://www.yelp.com/biz/mcdonalds-champaign?osq=Restaurants
McDonald's,"Burgers,Fast Food,Coffee & Tea",1.5,"2909 W Kirby Ave , Illinois",$,https://www.yelp.com/biz/mcdonalds-champaign-6?osq=Restaurants
McDonald's,"Burgers,Fast Food,Coffee & Tea",1.5,"4910 N Market St , Illinois",$,https://www.yelp.com/biz/mcdonalds-champaign-11?osq=Restaurants
